scenario_id,scenario_type,w_corpus_adequacy_score,w_normalization_stability_score,w_template_predictability_score,w_out_of_sample_performance_score,w_adversarial_robustness_score,raw_confidence,capped_confidence
base,base_weights,0.250000,0.200000,0.200000,0.200000,0.150000,71.357408,71.357408
oat_corpus_adequacy_score_minus,one_at_a_time,0.184783,0.217391,0.217391,0.217391,0.163043,68.866748,68.866748
oat_corpus_adequacy_score_plus,one_at_a_time,0.305556,0.185185,0.185185,0.185185,0.138889,73.479082,73.479082
oat_normalization_stability_score_minus,one_at_a_time,0.271739,0.130435,0.217391,0.217391,0.163043,69.058301,69.058301
oat_normalization_stability_score_plus,one_at_a_time,0.231481,0.259259,0.185185,0.185185,0.138889,73.315907,73.315907
oat_template_predictability_score_minus,one_at_a_time,0.271739,0.217391,0.130435,0.217391,0.163043,75.593804,75.593804
oat_template_predictability_score_plus,one_at_a_time,0.231481,0.185185,0.259259,0.185185,0.138889,67.748627,67.748627
oat_out_of_sample_performance_score_minus,one_at_a_time,0.271739,0.217391,0.217391,0.130435,0.163043,73.214574,73.214574
oat_out_of_sample_performance_score_plus,one_at_a_time,0.231481,0.185185,0.185185,0.259259,0.138889,69.775378,69.775378
oat_adversarial_robustness_score_minus,one_at_a_time,0.271739,0.217391,0.217391,0.217391,0.076087,70.449237,70.449237
oat_adversarial_robustness_score_plus,one_at_a_time,0.231481,0.185185,0.185185,0.185185,0.212963,72.131036,72.131036
rand_001,random_weights,0.026799,0.046085,0.091287,0.591763,0.244065,58.806600,58.806600
rand_002,random_weights,0.199493,0.192660,0.112995,0.299675,0.195177,72.298494,72.298494
rand_003,random_weights,0.060167,0.236421,0.271682,0.317767,0.113963,60.499254,60.499254
rand_004,random_weights,0.306043,0.060826,0.056217,0.426689,0.150225,71.448667,71.448667
rand_005,random_weights,0.032234,0.306802,0.409359,0.186727,0.064878,57.138609,57.138609
rand_006,random_weights,0.147118,0.326377,0.164337,0.294764,0.067404,70.602870,70.602870
rand_007,random_weights,0.203119,0.064706,0.180874,0.529701,0.021601,58.986741,58.986741
rand_008,random_weights,0.238382,0.178058,0.139728,0.235669,0.208163,73.226487,73.226487
rand_009,random_weights,0.079774,0.216756,0.185844,0.169758,0.347868,70.326772,70.326772
rand_010,random_weights,0.127049,0.104238,0.126977,0.441500,0.200236,64.228303,64.228303
rand_011,random_weights,0.090066,0.360691,0.304031,0.220555,0.024657,64.208777,64.208777
rand_012,random_weights,0.379053,0.015817,0.254698,0.296578,0.053854,64.452441,64.452441
rand_013,random_weights,0.379571,0.304461,0.068609,0.197328,0.050032,83.244775,83.244775
rand_014,random_weights,0.268074,0.222505,0.202865,0.205290,0.101265,71.708576,71.708576
rand_015,random_weights,0.289073,0.219867,0.185546,0.259974,0.045539,71.334130,71.334130
rand_016,random_weights,0.338968,0.312072,0.226640,0.075899,0.046421,77.139676,77.139676
rand_017,random_weights,0.157632,0.338802,0.154920,0.184049,0.164596,75.070954,75.070954
rand_018,random_weights,0.181798,0.237373,0.267156,0.009908,0.303766,72.786122,72.786122
rand_019,random_weights,0.054447,0.250147,0.269300,0.095725,0.330381,67.816927,67.816927
rand_020,random_weights,0.150012,0.249023,0.156298,0.286461,0.158206,70.157842,70.157842
rand_021,random_weights,0.056506,0.062397,0.265932,0.441147,0.174018,54.065529,54.065529
rand_022,random_weights,0.120107,0.014704,0.216036,0.411431,0.237722,58.357016,58.357016
rand_023,random_weights,0.324011,0.112273,0.335729,0.141840,0.086148,65.120530,65.120530
rand_024,random_weights,0.042678,0.242688,0.361021,0.028186,0.325428,64.204800,64.204800
rand_025,random_weights,0.460669,0.365947,0.077963,0.066254,0.029167,89.319087,84.990000
rand_026,random_weights,0.248061,0.195284,0.253928,0.125784,0.176943,70.416327,70.416327
rand_027,random_weights,0.168219,0.086461,0.117883,0.161791,0.465645,74.126303,74.126303
rand_028,random_weights,0.241376,0.070344,0.348956,0.263885,0.075439,58.282266,58.282266
rand_029,random_weights,0.233207,0.111523,0.274608,0.283334,0.097327,62.572391,62.572391
rand_030,random_weights,0.198644,0.177955,0.205625,0.197201,0.220575,69.826380,69.826380
rand_031,random_weights,0.121124,0.134025,0.303587,0.274699,0.166564,59.452696,59.452696
rand_032,random_weights,0.104084,0.119752,0.272249,0.264975,0.238939,61.077553,61.077553
rand_033,random_weights,0.324899,0.319112,0.083957,0.206993,0.065039,81.268769,81.268769
rand_034,random_weights,0.173137,0.418678,0.086140,0.191001,0.131044,80.478922,80.478922
rand_035,random_weights,0.079123,0.137144,0.009193,0.407975,0.366565,71.916972,71.916972
rand_036,random_weights,0.245683,0.043276,0.163760,0.333088,0.214193,66.683595,66.683595
rand_037,random_weights,0.089892,0.299844,0.098498,0.337594,0.174172,71.670183,71.670183
rand_038,random_weights,0.240309,0.185860,0.126710,0.268915,0.178206,73.099291,73.099291
rand_039,random_weights,0.128623,0.442350,0.019700,0.115904,0.293423,86.366496,84.990000
rand_040,random_weights,0.366639,0.446068,0.056691,0.033956,0.096646,91.175106,84.990000
rand_041,random_weights,0.297718,0.187517,0.025850,0.206477,0.282437,82.123304,82.123304
rand_042,random_weights,0.064422,0.131990,0.105924,0.313853,0.383811,68.837362,68.837362
rand_043,random_weights,0.082304,0.279454,0.196755,0.212723,0.228763,69.363868,69.363868
rand_044,random_weights,0.174666,0.056928,0.078742,0.402421,0.287243,68.434587,68.434587
rand_045,random_weights,0.189758,0.125584,0.198034,0.258989,0.227634,67.311126,67.311126
rand_046,random_weights,0.283144,0.124911,0.147173,0.161117,0.283655,75.121430,75.121430
rand_047,random_weights,0.132535,0.358961,0.348496,0.003991,0.156018,69.210383,69.210383
rand_048,random_weights,0.310240,0.266141,0.161200,0.180545,0.081874,76.425842,76.425842
rand_049,random_weights,0.226655,0.214328,0.202252,0.154913,0.201851,72.462348,72.462348
rand_050,random_weights,0.235030,0.196897,0.221445,0.166991,0.179637,70.816335,70.816335
rand_051,random_weights,0.212952,0.217195,0.108991,0.317705,0.143157,72.599348,72.599348
rand_052,random_weights,0.182757,0.043162,0.201321,0.278211,0.294549,65.059539,65.059539
rand_053,random_weights,0.182154,0.382014,0.307584,0.046150,0.082098,71.561875,71.561875
rand_054,random_weights,0.041534,0.112053,0.283721,0.297909,0.264783,58.090081,58.090081
rand_055,random_weights,0.201039,0.160075,0.129129,0.127047,0.382710,76.340690,76.340690
rand_056,random_weights,0.208874,0.375794,0.240204,0.122639,0.052489,73.502542,73.502542
rand_057,random_weights,0.051525,0.076334,0.211110,0.259670,0.401361,63.212380,63.212380
rand_058,random_weights,0.110977,0.136609,0.295247,0.263769,0.193398,60.150375,60.150375
rand_059,random_weights,0.194587,0.145658,0.236985,0.139622,0.283149,69.211724,69.211724
rand_060,random_weights,0.090392,0.120555,0.271878,0.010763,0.506411,68.947468,68.947468
rand_061,random_weights,0.241832,0.205324,0.250267,0.165467,0.137110,69.418189,69.418189
rand_062,random_weights,0.142540,0.657357,0.170073,0.007323,0.022708,84.615499,84.615499
rand_063,random_weights,0.054091,0.403606,0.117958,0.058561,0.365783,80.400721,80.400721
rand_064,random_weights,0.182818,0.221661,0.009860,0.230111,0.355551,80.772867,80.772867
rand_065,random_weights,0.292848,0.053056,0.311726,0.193356,0.149014,63.387982,63.387982
rand_066,random_weights,0.327517,0.082174,0.062183,0.166490,0.361635,80.102672,80.102672
rand_067,random_weights,0.080872,0.298071,0.299804,0.313323,0.007930,60.339749,60.339749
rand_068,random_weights,0.065561,0.399966,0.125423,0.182351,0.226699,76.172940,76.172940
rand_069,random_weights,0.110410,0.293466,0.050004,0.252433,0.293687,77.518781,77.518781
rand_070,random_weights,0.277322,0.051707,0.406861,0.034115,0.229995,62.519515,62.519515
rand_071,random_weights,0.187346,0.195706,0.243266,0.111730,0.261952,70.395890,70.395890
rand_072,random_weights,0.326101,0.199245,0.142303,0.046692,0.285659,81.019168,81.019168
rand_073,random_weights,0.308601,0.045227,0.278420,0.118639,0.249114,67.896034,67.896034
rand_074,random_weights,0.045429,0.258241,0.228829,0.415189,0.052313,60.017220,60.017220
rand_075,random_weights,0.318477,0.041514,0.224379,0.129614,0.286017,70.864547,70.864547
rand_076,random_weights,0.247185,0.194555,0.178441,0.252035,0.127785,70.839820,70.839820
rand_077,random_weights,0.352817,0.045027,0.297509,0.235158,0.069490,63.862678,63.862678
rand_078,random_weights,0.310067,0.129536,0.331536,0.129709,0.099152,65.776771,65.776771
rand_079,random_weights,0.318066,0.036561,0.277086,0.326699,0.041588,61.391962,61.391962
rand_080,random_weights,0.153083,0.247743,0.240781,0.127808,0.230586,70.240406,70.240406
rand_081,random_weights,0.126090,0.129967,0.222692,0.232048,0.289203,65.620488,65.620488
rand_082,random_weights,0.268355,0.183125,0.118969,0.054188,0.375363,80.852527,80.852527
rand_083,random_weights,0.345743,0.088467,0.381007,0.146028,0.038755,62.323263,62.323263
rand_084,random_weights,0.284335,0.269700,0.166305,0.116929,0.162731,77.732413,77.732413
rand_085,random_weights,0.198773,0.082146,0.304630,0.320232,0.094218,58.526278,58.526278
rand_086,random_weights,0.240944,0.169263,0.330299,0.044167,0.215327,67.947852,67.947852
rand_087,random_weights,0.232581,0.253356,0.270697,0.035110,0.208256,72.954950,72.954950
rand_088,random_weights,0.233272,0.193740,0.171485,0.229476,0.172028,71.702518,71.702518
rand_089,random_weights,0.200314,0.176287,0.276267,0.279169,0.067963,63.044086,63.044086
rand_090,random_weights,0.032891,0.303702,0.166196,0.199143,0.298067,71.092260,71.092260
rand_091,random_weights,0.238648,0.206727,0.162240,0.241520,0.150865,72.172040,72.172040
rand_092,random_weights,0.344546,0.192271,0.200010,0.150344,0.112829,74.532887,74.532887
rand_093,random_weights,0.175983,0.158136,0.282859,0.356510,0.026512,59.461377,59.461377
rand_094,random_weights,0.007427,0.240445,0.275714,0.152325,0.324089,64.626553,64.626553
rand_095,random_weights,0.116743,0.317848,0.127662,0.287384,0.150363,72.318122,72.318122
rand_096,random_weights,0.269695,0.301096,0.283338,0.023357,0.122514,74.019924,74.019924
rand_097,random_weights,0.014404,0.276360,0.251458,0.168908,0.288870,66.235721,66.235721
rand_098,random_weights,0.158828,0.010166,0.565630,0.073267,0.192109,49.060344,49.060344
rand_099,random_weights,0.149387,0.237005,0.270519,0.087912,0.255176,69.510792,69.510792
rand_100,random_weights,0.068927,0.198412,0.225907,0.252500,0.254253,64.834407,64.834407
rand_101,random_weights,0.185078,0.421796,0.077731,0.053135,0.262260,85.627962,84.990000
rand_102,random_weights,0.270801,0.215377,0.152269,0.263009,0.098544,72.802070,72.802070
rand_103,random_weights,0.047461,0.187440,0.347669,0.151572,0.265858,60.274188,60.274188
rand_104,random_weights,0.095831,0.197229,0.298114,0.033451,0.375376,67.999220,67.999220
rand_105,random_weights,0.333410,0.137734,0.129380,0.171131,0.228345,76.975483,76.975483
rand_106,random_weights,0.148886,0.521491,0.087123,0.162512,0.079987,82.530005,82.530005
rand_107,random_weights,0.162093,0.123554,0.346266,0.052094,0.315994,64.584947,64.584947
rand_108,random_weights,0.157011,0.250651,0.017629,0.426122,0.148588,74.073863,74.073863
rand_109,random_weights,0.365238,0.200617,0.098435,0.216426,0.119284,78.950928,78.950928
rand_110,random_weights,0.128858,0.354676,0.115864,0.156670,0.243932,77.982605,77.982605
rand_111,random_weights,0.233782,0.223713,0.198476,0.198853,0.145177,71.568252,71.568252
rand_112,random_weights,0.094685,0.243010,0.331951,0.243051,0.087304,60.043253,60.043253
rand_113,random_weights,0.135744,0.061228,0.400194,0.122775,0.280059,57.670221,57.670221
rand_114,random_weights,0.177885,0.262872,0.133317,0.195188,0.230739,75.148891,75.148891
rand_115,random_weights,0.304333,0.237211,0.054030,0.173859,0.230566,82.408648,82.408648
rand_116,random_weights,0.071183,0.036371,0.191693,0.310027,0.390725,62.478274,62.478274
rand_117,random_weights,0.150087,0.478428,0.181935,0.061080,0.128470,79.479429,79.479429
rand_118,random_weights,0.244151,0.253596,0.076968,0.274142,0.151143,77.029314,77.029314
rand_119,random_weights,0.283031,0.329174,0.099470,0.171344,0.116981,80.883698,80.883698
rand_120,random_weights,0.374069,0.261537,0.297472,0.048801,0.018121,73.641310,73.641310
rand_121,random_weights,0.536725,0.046366,0.062896,0.123601,0.230413,84.658919,84.658919
rand_122,random_weights,0.328767,0.269368,0.018140,0.008999,0.374725,90.733843,84.990000
rand_123,random_weights,0.099647,0.245443,0.229396,0.231556,0.193958,66.605443,66.605443
rand_124,random_weights,0.284172,0.285614,0.109301,0.069251,0.251661,82.872754,82.872754
rand_125,random_weights,0.306630,0.004121,0.199133,0.162856,0.327259,70.487270,70.487270
rand_126,random_weights,0.451878,0.311923,0.060771,0.127358,0.048070,87.368882,84.990000
rand_127,random_weights,0.224739,0.311164,0.079474,0.133375,0.251249,81.925262,81.925262
rand_128,random_weights,0.252740,0.081381,0.161092,0.258488,0.246298,69.951775,69.951775
rand_129,random_weights,0.128904,0.277197,0.370494,0.212904,0.010501,59.891262,59.891262
rand_130,random_weights,0.325355,0.288630,0.023484,0.328813,0.033718,80.493155,80.493155
rand_131,random_weights,0.099543,0.204411,0.177838,0.298907,0.219302,66.855609,66.855609
rand_132,random_weights,0.246136,0.306563,0.205629,0.097920,0.143752,75.904920,75.904920
rand_133,random_weights,0.064373,0.130373,0.324178,0.375093,0.105982,53.950647,53.950647
rand_134,random_weights,0.286046,0.068135,0.008781,0.302617,0.334421,77.953750,77.953750
rand_135,random_weights,0.490878,0.111043,0.187325,0.067554,0.143200,79.279993,79.279993
rand_136,random_weights,0.169277,0.119541,0.186181,0.264271,0.260729,67.374997,67.374997
rand_137,random_weights,0.255638,0.263900,0.170833,0.053635,0.255994,78.862359,78.862359
rand_138,random_weights,0.325123,0.378033,0.056587,0.157712,0.082546,85.401836,84.990000
rand_139,random_weights,0.130428,0.295384,0.219203,0.284774,0.070210,66.875054,66.875054
rand_140,random_weights,0.192786,0.196016,0.250730,0.275216,0.085252,64.859168,64.859168
rand_141,random_weights,0.126312,0.294885,0.045505,0.292812,0.240486,76.812967,76.812967
rand_142,random_weights,0.032184,0.325373,0.204779,0.084660,0.353005,72.784127,72.784127
rand_143,random_weights,0.133491,0.399322,0.037409,0.223005,0.206772,81.313099,81.313099
rand_144,random_weights,0.365986,0.098960,0.250182,0.202252,0.082620,68.811471,68.811471
rand_145,random_weights,0.243057,0.099060,0.265642,0.258904,0.133338,63.859690,63.859690
rand_146,random_weights,0.167009,0.099721,0.254437,0.353891,0.124942,60.128486,60.128486
rand_147,random_weights,0.369551,0.302101,0.058715,0.175177,0.094457,84.314467,84.314467
rand_148,random_weights,0.215490,0.176558,0.174319,0.119294,0.314338,74.440301,74.440301
rand_149,random_weights,0.151649,0.143970,0.248452,0.232945,0.222984,64.757069,64.757069
rand_150,random_weights,0.212237,0.037882,0.275554,0.398646,0.075681,57.289815,57.289815
rand_151,random_weights,0.093174,0.210171,0.103903,0.330678,0.262074,70.195667,70.195667
rand_152,random_weights,0.104563,0.435334,0.124453,0.144929,0.190722,78.695864,78.695864
rand_153,random_weights,0.377943,0.218938,0.109305,0.260662,0.033152,77.425327,77.425327
rand_154,random_weights,0.324284,0.034900,0.258263,0.370948,0.011606,61.185021,61.185021
rand_155,random_weights,0.114328,0.048674,0.304888,0.226750,0.305359,59.411663,59.411663
rand_156,random_weights,0.032759,0.445890,0.221258,0.198161,0.101932,70.137942,70.137942
rand_157,random_weights,0.241008,0.315289,0.206529,0.086364,0.150810,76.265424,76.265424
rand_158,random_weights,0.295493,0.277497,0.096234,0.175313,0.155463,80.349078,80.349078
rand_159,random_weights,0.271291,0.261832,0.008240,0.283631,0.175006,81.419351,81.419351
rand_160,random_weights,0.313236,0.021468,0.207876,0.304506,0.152914,65.863054,65.863054
rand_161,random_weights,0.217832,0.177806,0.097666,0.288615,0.218081,73.653243,73.653243
rand_162,random_weights,0.315367,0.154912,0.212289,0.272978,0.044454,68.777936,68.777936
rand_163,random_weights,0.223868,0.171126,0.349323,0.173707,0.081976,62.421836,62.421836
rand_164,random_weights,0.024158,0.181330,0.364961,0.415782,0.013770,50.327099,50.327099
rand_165,random_weights,0.223179,0.204593,0.154381,0.276631,0.141216,71.204764,71.204764
rand_166,random_weights,0.011486,0.254326,0.215076,0.274497,0.244615,64.624710,64.624710
rand_167,random_weights,0.109296,0.170094,0.132228,0.158489,0.429894,73.648134,73.648134
rand_168,random_weights,0.040337,0.017475,0.460655,0.416443,0.065090,42.317983,42.317983
rand_169,random_weights,0.012699,0.230056,0.377327,0.232968,0.146950,55.980058,55.980058
rand_170,random_weights,0.297437,0.238188,0.347127,0.090925,0.026323,67.595897,67.595897
rand_171,random_weights,0.031237,0.198003,0.195519,0.334646,0.240594,63.327440,63.327440
rand_172,random_weights,0.323826,0.051179,0.284208,0.126428,0.214358,67.678160,67.678160
rand_173,random_weights,0.035703,0.144857,0.308585,0.168731,0.342123,61.145665,61.145665
rand_174,random_weights,0.134060,0.206517,0.238180,0.166127,0.255116,68.170067,68.170067
rand_175,random_weights,0.117533,0.269164,0.257984,0.241632,0.113687,65.298607,65.298607
rand_176,random_weights,0.089831,0.123672,0.248406,0.186217,0.351874,64.796151,64.796151
rand_177,random_weights,0.057232,0.305529,0.161254,0.289303,0.186682,68.989663,68.989663
rand_178,random_weights,0.261094,0.117369,0.103765,0.250890,0.266882,74.312664,74.312664
rand_179,random_weights,0.409640,0.025888,0.199604,0.049346,0.315522,76.291998,76.291998
rand_180,random_weights,0.205449,0.085078,0.277019,0.192060,0.240393,64.404209,64.404209
rand_181,random_weights,0.151913,0.050780,0.288248,0.209637,0.299422,61.658032,61.658032
rand_182,random_weights,0.331159,0.079431,0.038325,0.366401,0.184685,75.179116,75.179116
rand_183,random_weights,0.030839,0.275048,0.286384,0.334242,0.073487,59.189645,59.189645
rand_184,random_weights,0.070986,0.255986,0.240892,0.203410,0.228726,66.467425,66.467425
rand_185,random_weights,0.054490,0.375106,0.334032,0.010582,0.225790,68.694395,68.694395
rand_186,random_weights,0.203146,0.243560,0.244124,0.025257,0.283914,74.148134,74.148134
rand_187,random_weights,0.175275,0.332377,0.270508,0.159195,0.062645,69.241216,69.241216
rand_188,random_weights,0.216021,0.138843,0.182546,0.225325,0.237265,69.988044,69.988044
rand_189,random_weights,0.254132,0.392843,0.203192,0.046309,0.103524,79.216035,79.216035
rand_190,random_weights,0.085503,0.094503,0.330523,0.197642,0.291829,59.029176,59.029176
rand_191,random_weights,0.188847,0.309748,0.341693,0.039474,0.120237,68.722059,68.722059
rand_192,random_weights,0.074153,0.298122,0.073456,0.259658,0.294610,75.316197,75.316197
rand_193,random_weights,0.295618,0.111345,0.327322,0.168502,0.097212,64.238468,64.238468
rand_194,random_weights,0.254415,0.209290,0.323473,0.074104,0.138717,68.285016,68.285016
rand_195,random_weights,0.022090,0.281404,0.047738,0.324683,0.324086,73.554994,73.554994
rand_196,random_weights,0.284331,0.078786,0.246245,0.176454,0.214185,68.056089,68.056089
rand_197,random_weights,0.047553,0.566394,0.217272,0.104493,0.064288,75.549276,75.549276
rand_198,random_weights,0.246878,0.045796,0.249130,0.233922,0.224272,64.848531,64.848531
rand_199,random_weights,0.317021,0.238951,0.139195,0.099210,0.205623,80.002808,80.002808
rand_200,random_weights,0.203219,0.103166,0.280318,0.213806,0.199490,63.766254,63.766254
rand_201,random_weights,0.019871,0.037884,0.504757,0.058683,0.378805,51.040074,51.040074
rand_202,random_weights,0.170395,0.220852,0.342120,0.183411,0.083223,62.361637,62.361637
rand_203,random_weights,0.327117,0.443416,0.088717,0.054114,0.086636,87.877594,84.990000
rand_204,random_weights,0.183256,0.161560,0.266614,0.083302,0.305268,69.297985,69.297985
rand_205,random_weights,0.298316,0.178964,0.253276,0.020979,0.248466,74.441413,74.441413
rand_206,random_weights,0.258675,0.204944,0.194965,0.156012,0.185405,73.291138,73.291138
rand_207,random_weights,0.263864,0.253150,0.200959,0.264012,0.018015,70.367499,70.367499
rand_208,random_weights,0.035774,0.311889,0.429397,0.051853,0.171088,60.388138,60.388138
rand_209,random_weights,0.211742,0.145224,0.263027,0.257413,0.122595,64.230326,64.230326
rand_210,random_weights,0.260173,0.244123,0.028217,0.210227,0.257259,82.086174,82.086174
rand_211,random_weights,0.187172,0.148095,0.192142,0.115526,0.357065,72.535052,72.535052
rand_212,random_weights,0.222700,0.155769,0.092424,0.224192,0.304915,75.748225,75.748225
rand_213,random_weights,0.121585,0.086831,0.161959,0.262460,0.367164,67.474482,67.474482
rand_214,random_weights,0.188876,0.160390,0.141801,0.280453,0.228481,70.496136,70.496136
rand_215,random_weights,0.022312,0.333516,0.241555,0.381142,0.021476,61.130439,61.130439
rand_216,random_weights,0.163839,0.262993,0.016631,0.334457,0.222080,77.369663,77.369663
rand_217,random_weights,0.099819,0.139594,0.067101,0.127073,0.566412,77.839921,77.839921
rand_218,random_weights,0.321448,0.112815,0.313954,0.018338,0.233445,70.298372,70.298372
rand_219,random_weights,0.291557,0.254680,0.291595,0.023225,0.138943,73.191016,73.191016
rand_220,random_weights,0.157655,0.364063,0.119059,0.322643,0.036580,73.189656,73.189656
rand_221,random_weights,0.354357,0.214811,0.293149,0.094931,0.042752,71.323931,71.323931
rand_222,random_weights,0.439443,0.077584,0.140248,0.089062,0.253663,79.909953,79.909953
rand_223,random_weights,0.224781,0.211624,0.218738,0.152917,0.191940,71.473083,71.473083
rand_224,random_weights,0.315557,0.190786,0.049888,0.370399,0.073370,75.865154,75.865154
rand_225,random_weights,0.178562,0.012459,0.332185,0.200863,0.275930,59.209608,59.209608
rand_226,random_weights,0.330692,0.214529,0.094527,0.048350,0.311902,84.121011,84.121011
rand_227,random_weights,0.436748,0.187801,0.109188,0.052717,0.213547,84.617323,84.617323
rand_228,random_weights,0.236892,0.132192,0.293273,0.114852,0.222791,67.223773,67.223773
rand_229,random_weights,0.289926,0.301252,0.330611,0.061244,0.016967,70.388969,70.388969
rand_230,random_weights,0.179785,0.095753,0.378438,0.009000,0.337024,63.929328,63.929328
rand_231,random_weights,0.129976,0.126947,0.010582,0.381258,0.351238,73.446789,73.446789
rand_232,random_weights,0.122750,0.047582,0.099082,0.344045,0.386540,67.993294,67.993294
rand_233,random_weights,0.125633,0.313378,0.119449,0.350536,0.091004,70.886036,70.886036
rand_234,random_weights,0.315244,0.254315,0.148516,0.088447,0.193477,80.007020,80.007020
rand_235,random_weights,0.275669,0.101806,0.245630,0.137511,0.239383,69.541476,69.541476
rand_236,random_weights,0.146343,0.293386,0.241639,0.140293,0.178339,70.400025,70.400025
rand_237,random_weights,0.122778,0.210952,0.312575,0.266326,0.087369,60.447837,60.447837
rand_238,random_weights,0.195603,0.299829,0.303897,0.135003,0.065668,67.884471,67.884471
rand_239,random_weights,0.198327,0.126299,0.119509,0.270114,0.285751,71.770454,71.770454
rand_240,random_weights,0.341154,0.205737,0.132955,0.053098,0.267057,81.746318,81.746318
rand_241,random_weights,0.175251,0.236922,0.154146,0.185075,0.248606,73.775154,73.775154
rand_242,random_weights,0.053751,0.575303,0.056203,0.021619,0.293125,87.969356,84.990000
rand_243,random_weights,0.030039,0.252753,0.273654,0.132162,0.311392,65.998072,65.998072
rand_244,random_weights,0.203764,0.108206,0.216063,0.156752,0.315215,69.472692,69.472692
rand_245,random_weights,0.219669,0.347191,0.074357,0.067363,0.291421,84.811265,84.811265
rand_246,random_weights,0.136663,0.280739,0.391018,0.078633,0.112947,63.144841,63.144841
rand_247,random_weights,0.126753,0.044667,0.100871,0.401410,0.326299,66.089397,66.089397
rand_248,random_weights,0.107651,0.306650,0.006690,0.538805,0.040204,71.135037,71.135037
rand_249,random_weights,0.351614,0.044746,0.242239,0.182355,0.179047,68.785433,68.785433
rand_250,random_weights,0.058487,0.284549,0.305587,0.060529,0.290848,67.413120,67.413120
rand_251,random_weights,0.163416,0.286562,0.072674,0.188304,0.289045,79.071208,79.071208
rand_252,random_weights,0.503342,0.085493,0.009967,0.227068,0.174130,84.518312,84.518312
rand_253,random_weights,0.192914,0.025636,0.248128,0.289692,0.243630,61.829746,61.829746
rand_254,random_weights,0.125683,0.345657,0.052142,0.279374,0.197143,77.648342,77.648342
rand_255,random_weights,0.197418,0.457811,0.146365,0.126773,0.071634,80.026294,80.026294
rand_256,random_weights,0.114245,0.160848,0.255658,0.234318,0.234932,63.876388,63.876388
rand_257,random_weights,0.420499,0.247573,0.158259,0.118006,0.055663,80.298259,80.298259
rand_258,random_weights,0.006213,0.263080,0.266095,0.318651,0.145961,60.246227,60.246227
rand_259,random_weights,0.278750,0.286351,0.073102,0.079688,0.282109,84.595559,84.595559
rand_260,random_weights,0.209046,0.231319,0.152395,0.159722,0.247518,75.210396,75.210396
rand_261,random_weights,0.012969,0.339927,0.198661,0.364726,0.083717,64.122741,64.122741
rand_262,random_weights,0.263717,0.155697,0.130392,0.015491,0.434703,80.884192,80.884192
rand_263,random_weights,0.387413,0.046874,0.266538,0.009329,0.289845,73.535823,73.535823
rand_264,random_weights,0.262292,0.124623,0.061041,0.312637,0.239407,75.014588,75.014588
rand_265,random_weights,0.295920,0.077346,0.313331,0.152326,0.161077,65.042258,65.042258
rand_266,random_weights,0.168868,0.238836,0.228177,0.268672,0.095446,66.651224,66.651224
rand_267,random_weights,0.367483,0.169692,0.161702,0.031868,0.269255,80.623270,80.623270
rand_268,random_weights,0.234206,0.102980,0.310935,0.068193,0.283686,67.146507,67.146507
rand_269,random_weights,0.210001,0.059943,0.315843,0.213935,0.200279,61.092452,61.092452
rand_270,random_weights,0.055036,0.268153,0.066218,0.104526,0.506067,79.850590,79.850590
rand_271,random_weights,0.169556,0.159647,0.206731,0.237963,0.226102,67.642458,67.642458
rand_272,random_weights,0.156233,0.337904,0.317179,0.066294,0.122391,69.176335,69.176335
rand_273,random_weights,0.160502,0.099265,0.233163,0.293815,0.213254,63.171887,63.171887
rand_274,random_weights,0.212124,0.223585,0.221474,0.149767,0.193050,71.372437,71.372437
rand_275,random_weights,0.239339,0.288153,0.069123,0.112311,0.291074,83.105097,83.105097
rand_276,random_weights,0.009865,0.247897,0.271816,0.284349,0.186072,60.822193,60.822193
rand_277,random_weights,0.152754,0.173228,0.191901,0.149935,0.332181,71.230719,71.230719
rand_278,random_weights,0.131642,0.151117,0.266384,0.228877,0.221981,63.575779,63.575779
rand_279,random_weights,0.313044,0.237208,0.354972,0.062939,0.031836,68.290050,68.290050
rand_280,random_weights,0.022176,0.047760,0.328293,0.354216,0.247554,52.281702,52.281702
rand_281,random_weights,0.177249,0.284943,0.106046,0.325370,0.106392,72.963810,72.963810
rand_282,random_weights,0.172970,0.100053,0.224062,0.273004,0.229911,64.611678,64.611678
rand_283,random_weights,0.232115,0.164740,0.096796,0.285863,0.220486,73.843183,73.843183
rand_284,random_weights,0.228737,0.259874,0.099367,0.153045,0.258977,79.375133,79.375133
rand_285,random_weights,0.533731,0.031916,0.317602,0.061346,0.055406,71.284056,71.284056
rand_286,random_weights,0.207719,0.174580,0.234725,0.232662,0.150315,67.088217,67.088217
rand_287,random_weights,0.061122,0.344609,0.287196,0.206003,0.101069,64.883580,64.883580
rand_288,random_weights,0.244584,0.014742,0.129245,0.341241,0.270187,67.989867,67.989867
rand_289,random_weights,0.232214,0.260576,0.265903,0.230383,0.010923,67.137455,67.137455
rand_290,random_weights,0.311529,0.319433,0.166872,0.024424,0.177742,81.931067,81.931067
rand_291,random_weights,0.211958,0.134632,0.209290,0.160611,0.283510,70.322504,70.322504
rand_292,random_weights,0.339881,0.188477,0.050741,0.161649,0.259252,82.858965,82.858965
rand_293,random_weights,0.164314,0.166417,0.362750,0.220389,0.086131,58.983784,58.983784
rand_294,random_weights,0.035026,0.139897,0.264562,0.095196,0.465319,65.997084,65.997084
rand_295,random_weights,0.257022,0.016054,0.232800,0.302712,0.191412,63.335935,63.335935
rand_296,random_weights,0.091196,0.191942,0.246115,0.251001,0.219746,63.988358,63.988358
rand_297,random_weights,0.241846,0.221838,0.134783,0.184972,0.216561,75.894606,75.894606
rand_298,random_weights,0.040439,0.051500,0.304758,0.220095,0.383207,58.331488,58.331488
rand_299,random_weights,0.172812,0.187885,0.249308,0.075415,0.314580,70.803705,70.803705
rand_300,random_weights,0.147472,0.151271,0.157310,0.340273,0.203674,66.776880,66.776880
rand_301,random_weights,0.353481,0.361308,0.042351,0.141399,0.101460,87.011361,84.990000
rand_302,random_weights,0.208010,0.241217,0.246306,0.249494,0.054973,66.938991,66.938991
rand_303,random_weights,0.090797,0.317316,0.336457,0.012875,0.242555,68.214365,68.214365
rand_304,random_weights,0.375288,0.096269,0.100968,0.260450,0.167024,75.914795,75.914795
rand_305,random_weights,0.038087,0.289002,0.201989,0.198620,0.272301,68.850766,68.850766
rand_306,random_weights,0.317331,0.374693,0.067176,0.115743,0.125056,85.914779,84.990000
rand_307,random_weights,0.070667,0.119193,0.302343,0.235303,0.272493,59.623642,59.623642
rand_308,random_weights,0.268810,0.217004,0.196553,0.244252,0.073380,70.768339,70.768339
rand_309,random_weights,0.255585,0.251480,0.152258,0.321248,0.019429,71.251215,71.251215
rand_310,random_weights,0.277517,0.158675,0.184077,0.109664,0.270067,75.012022,75.012022
rand_311,random_weights,0.213474,0.234149,0.269835,0.076038,0.206504,71.049442,71.049442
rand_312,random_weights,0.326105,0.162903,0.298035,0.038949,0.174008,71.470640,71.470640
rand_313,random_weights,0.329698,0.100348,0.280909,0.190175,0.098870,66.739445,66.739445
rand_314,random_weights,0.174528,0.108072,0.221146,0.284460,0.211794,64.576482,64.576482
rand_315,random_weights,0.446085,0.135283,0.271545,0.102398,0.044688,72.761778,72.761778
rand_316,random_weights,0.251438,0.014458,0.021573,0.373287,0.339245,73.461098,73.461098
rand_317,random_weights,0.362830,0.275859,0.113104,0.070033,0.178174,83.898322,83.898322
rand_318,random_weights,0.373820,0.195912,0.169568,0.094000,0.166700,78.716743,78.716743
rand_319,random_weights,0.391559,0.055917,0.375106,0.026319,0.151099,66.792484,66.792484
rand_320,random_weights,0.219641,0.393418,0.303674,0.056365,0.026902,72.332968,72.332968
rand_321,random_weights,0.014219,0.360118,0.338238,0.128914,0.158512,63.709844,63.709844
rand_322,random_weights,0.125390,0.116798,0.157130,0.161599,0.439084,71.516303,71.516303
rand_323,random_weights,0.115988,0.087329,0.348239,0.342541,0.105902,53.813117,53.813117
rand_324,random_weights,0.026011,0.350763,0.406246,0.074628,0.142352,61.477668,61.477668
rand_325,random_weights,0.049647,0.285831,0.085895,0.268533,0.310093,73.655493,73.655493
rand_326,random_weights,0.217073,0.163789,0.264307,0.102979,0.251852,69.459819,69.459819
rand_327,random_weights,0.171201,0.345913,0.042366,0.076538,0.363981,85.509628,84.990000
rand_328,random_weights,0.156836,0.235690,0.204513,0.248262,0.154698,68.431014,68.431014
rand_329,random_weights,0.203697,0.498813,0.026366,0.257338,0.013786,83.743711,83.743711
rand_330,random_weights,0.356094,0.063340,0.202202,0.223789,0.154574,70.215406,70.215406
rand_331,random_weights,0.225564,0.298997,0.078108,0.289880,0.107451,76.849381,76.849381
rand_332,random_weights,0.080841,0.195091,0.070473,0.067893,0.585702,80.064730,80.064730
rand_333,random_weights,0.039768,0.015740,0.594185,0.235009,0.115299,40.149790,40.149790
rand_334,random_weights,0.340261,0.063648,0.311629,0.230089,0.054373,63.257812,63.257812
rand_335,random_weights,0.380190,0.295426,0.109838,0.142533,0.072012,82.414821,82.414821
rand_336,random_weights,0.111734,0.031035,0.039942,0.532549,0.284740,65.032336,65.032336
rand_337,random_weights,0.162445,0.235323,0.236759,0.136381,0.229092,70.177450,70.177450
rand_338,random_weights,0.129218,0.288799,0.327685,0.166793,0.087505,64.081657,64.081657
rand_339,random_weights,0.299724,0.114413,0.289412,0.179813,0.116639,66.245395,66.245395
rand_340,random_weights,0.315562,0.296076,0.082287,0.256221,0.049854,79.263639,79.263639
rand_341,random_weights,0.103708,0.136088,0.394029,0.220670,0.145506,55.536235,55.536235
rand_342,random_weights,0.212998,0.302644,0.306694,0.033216,0.144448,71.317569,71.317569
rand_343,random_weights,0.119176,0.185683,0.078725,0.112609,0.503808,78.701688,78.701688
rand_344,random_weights,0.129247,0.073022,0.109618,0.268290,0.419823,70.304257,70.304257
rand_345,random_weights,0.204902,0.190718,0.219251,0.080464,0.304665,73.050661,73.050661
rand_346,random_weights,0.323702,0.022577,0.490462,0.071583,0.091675,56.760049,56.760049
rand_347,random_weights,0.154408,0.286202,0.299738,0.065480,0.194171,69.373787,69.373787
rand_348,random_weights,0.041920,0.176780,0.342119,0.164860,0.274321,59.908582,59.908582
rand_349,random_weights,0.497083,0.116662,0.163452,0.138977,0.083825,78.623810,78.623810
rand_350,random_weights,0.221444,0.195375,0.237024,0.225242,0.120915,67.770600,67.770600
rand_351,random_weights,0.193307,0.047041,0.282676,0.224180,0.252795,62.218679,62.218679
rand_352,random_weights,0.264572,0.218916,0.018102,0.211068,0.287342,82.334747,82.334747
rand_353,random_weights,0.137132,0.354304,0.185820,0.024900,0.297844,78.178950,78.178950
rand_354,random_weights,0.236099,0.215774,0.232753,0.217206,0.098168,68.871832,68.871832
rand_355,random_weights,0.145530,0.027195,0.237361,0.429899,0.160015,57.170561,57.170561
rand_356,random_weights,0.276091,0.312700,0.070434,0.322599,0.018175,77.401590,77.401590
rand_357,random_weights,0.175894,0.060739,0.213977,0.086726,0.462664,70.556552,70.556552
rand_358,random_weights,0.193391,0.358313,0.199203,0.123167,0.125926,75.350096,75.350096
rand_359,random_weights,0.073969,0.094353,0.358268,0.006104,0.467306,63.266596,63.266596
rand_360,random_weights,0.097633,0.208511,0.273371,0.189354,0.231131,64.718409,64.718409
rand_361,random_weights,0.339204,0.312730,0.083958,0.083656,0.180452,85.349256,84.990000
rand_362,random_weights,0.210451,0.176368,0.064704,0.289108,0.259369,75.430372,75.430372
rand_363,random_weights,0.303782,0.081524,0.144621,0.342873,0.127200,69.173829,69.173829
rand_364,random_weights,0.244504,0.137006,0.294200,0.131557,0.192733,66.853204,66.853204
rand_365,random_weights,0.120277,0.042660,0.174162,0.297485,0.365416,64.908351,64.908351
rand_366,random_weights,0.275513,0.006983,0.180496,0.071643,0.465365,73.970099,73.970099
rand_367,random_weights,0.299663,0.050726,0.315469,0.157201,0.176942,64.403109,64.403109
rand_368,random_weights,0.192567,0.147381,0.327978,0.138012,0.194063,63.870337,63.870337
rand_369,random_weights,0.393849,0.200404,0.139530,0.081215,0.185001,81.336796,81.336796
rand_370,random_weights,0.155391,0.185254,0.156330,0.179970,0.323055,72.620396,72.620396
rand_371,random_weights,0.258123,0.208838,0.052382,0.333342,0.147315,76.139606,76.139606
rand_372,random_weights,0.403565,0.076071,0.200260,0.099520,0.220585,75.349795,75.349795
rand_373,random_weights,0.250879,0.254190,0.214511,0.248611,0.031809,69.835811,69.835811
rand_374,random_weights,0.194332,0.246881,0.141584,0.207237,0.209966,74.320090,74.320090
rand_375,random_weights,0.084632,0.393751,0.251090,0.105971,0.164556,71.414771,71.414771
rand_376,random_weights,0.109691,0.104000,0.332852,0.341609,0.111847,54.905171,54.905171
rand_377,random_weights,0.200714,0.236850,0.218018,0.143047,0.201372,71.795094,71.795094
rand_378,random_weights,0.129185,0.131711,0.219514,0.260183,0.259407,64.997982,64.997982
rand_379,random_weights,0.093159,0.336024,0.187354,0.313651,0.069812,67.812835,67.812835
rand_380,random_weights,0.088420,0.507707,0.099944,0.087863,0.216065,82.824534,82.824534
rand_381,random_weights,0.030791,0.196797,0.119249,0.345020,0.308143,67.482481,67.482481
rand_382,random_weights,0.087813,0.294672,0.218633,0.317320,0.081562,65.086896,65.086896
rand_383,random_weights,0.308153,0.113523,0.141828,0.286483,0.150013,71.723796,71.723796
rand_384,random_weights,0.227814,0.256550,0.076495,0.292815,0.146325,76.213426,76.213426
rand_385,random_weights,0.145370,0.216685,0.024742,0.433182,0.180020,72.673392,72.673392
rand_386,random_weights,0.124316,0.170178,0.303795,0.201382,0.200328,62.408370,62.408370
rand_387,random_weights,0.147621,0.151690,0.238155,0.049108,0.413427,71.262725,71.262725
rand_388,random_weights,0.165650,0.156669,0.229665,0.239796,0.208219,66.108610,66.108610
rand_389,random_weights,0.206581,0.117241,0.035551,0.363691,0.276936,73.767064,73.767064
rand_390,random_weights,0.337864,0.156777,0.044577,0.184059,0.276723,81.967189,81.967189
rand_391,random_weights,0.218909,0.177851,0.088252,0.162695,0.352294,78.234963,78.234963
rand_392,random_weights,0.212637,0.110109,0.278114,0.101431,0.297709,67.752825,67.752825
rand_393,random_weights,0.372414,0.391776,0.010000,0.125950,0.099860,90.248590,84.990000
rand_394,random_weights,0.065073,0.411569,0.071928,0.038802,0.412628,84.079536,84.079536
rand_395,random_weights,0.143706,0.214020,0.345247,0.244189,0.052838,59.648837,59.648837
rand_396,random_weights,0.271601,0.228184,0.044709,0.320080,0.135426,77.570046,77.570046
rand_397,random_weights,0.279970,0.137234,0.041689,0.270432,0.270675,78.025064,78.025064
rand_398,random_weights,0.053651,0.174326,0.162287,0.310491,0.299246,66.090887,66.090887
rand_399,random_weights,0.195051,0.220708,0.148195,0.233431,0.202615,72.690412,72.690412
rand_400,random_weights,0.374629,0.249406,0.016061,0.235616,0.124289,84.165419,84.165419
