seq_id_a,sequence_a,seq_id_b,sequence_b,similarity
SEQ_019,[?] [?],SEQ_1376,[?] [?] [?],0.733333
SEQ_579,AB73 [?],SEQ_1113,AB73 [?] [?],0.666667
SEQ_679,KU PA3,SEQ_1222,KU PA3 PA3,0.666667
SEQ_801,[?] AB08,SEQ_1375,[?] [?] AB08,0.666667
SEQ_1415,A RA A TU,SEQ_892,A RA TU,0.650000
SEQ_1431,A333 AB07 AB58 AB77,SEQ_1652,A333 AB07 AB06 AB58 AB77,0.640000
SEQ_1437,AB01 AB81 AB09 AB24,SEQ_1653,AB01 AB81 AB09 AB24 AB37,0.640000
SEQ_1437,AB01 AB81 AB09 AB24,SEQ_1677,AB56 AB01 AB81 AB09 AB24,0.640000
SEQ_1547,DA KU SE NE,SEQ_1692,DA KU SE NE TI,0.640000
SEQ_1644,A DU KU MI NA,SEQ_1410,A KU MI NA,0.640000
SEQ_1660,AB08 AB51 AB81 AB73 AB06,SEQ_1472,AB08 AB81 AB73 AB06,0.640000
SEQ_026,AB59,SEQ_558,AB59 AB59,0.600000
SEQ_029,MI JA RU,SEQ_1632,]KA MI JA RU,0.600000
SEQ_030,QA [?] PU,SEQ_1592,QA [?] PU RE,0.600000
SEQ_030,QA [?] PU,SEQ_311,QA [?] RE PU,0.600000
SEQ_057,QA [?] RE,SEQ_311,QA [?] RE PU,0.600000
SEQ_060,AB07,SEQ_443,AB07 AB07,0.600000
SEQ_100,AB04,SEQ_436,AB04 AB04,0.600000
SEQ_1044,AB41 AB28 AB41,SEQ_493,AB28 AB41,0.600000
SEQ_1046,AB41 AB67 AB60,SEQ_1458,AB08 AB41 AB67 AB60,0.600000
SEQ_1058,AB51 AB27 AB17,SEQ_144,AB51 AB27 AB17 AB09,0.600000
SEQ_1064,AB53 AB26 AB80,SEQ_1503,AB53 AB26 AB80 AB37,0.600000
SEQ_1110,AB73 AB01 AB38,SEQ_1490,AB31 AB73 AB01 AB38,0.600000
SEQ_1148,AB81 AB73 AB06,SEQ_1472,AB08 AB81 AB73 AB06,0.600000
SEQ_1176,DU RE ZA,SEQ_1555,DU RE ZA SE,0.600000
SEQ_1254,PA RA NE,SEQ_1413,A PA RA NE,0.600000
SEQ_1254,PA RA NE,SEQ_1638,]RU PA RA NE,0.600000
SEQ_1265,QA NU MA,SEQ_1590,QA NU MA QIF,0.600000
SEQ_1288,RI RU MA,SEQ_1599,RI RU MA HT,0.600000
SEQ_1288,RI RU MA,SEQ_1600,RI RU MA TI,0.600000
SEQ_1310,SI KI RA,SEQ_1422,A SI KI RA,0.600000
SEQ_1355,[?] AB03 AB01,SEQ_1620,[?] AB03 AB01 AB30,0.600000
SEQ_1424,A TA NA TE,SEQ_1321,TA NA TE,0.600000
SEQ_1424,A TA NA TE,SEQ_900,A TA NA,0.600000
SEQ_1460,AB08 AB51 [?] AB17,SEQ_1461,AB08 AB51 [?] [?],0.600000
SEQ_1464,AB08 AB59 AB06 AB04,SEQ_1082,AB59 AB06 AB04,0.600000
SEQ_1466,AB08 AB60 AB06 AB27,SEQ_1088,AB60 AB06 AB27,0.600000
SEQ_1526,AB73 AB67 AB31 AB24,SEQ_1099,AB67 AB31 AB24,0.600000
SEQ_1542,AB81 AB73 AB06 AB78,SEQ_1148,AB81 AB73 AB06,0.600000
SEQ_1580,OVISM SI AU RE,SEQ_1304,SI AU RE,0.600000
SEQ_1592,QA [?] PU RE,SEQ_057,QA [?] RE,0.600000
SEQ_1592,QA [?] PU RE,SEQ_311,QA [?] RE PU,0.600000
SEQ_183,AB28 AB77,SEQ_1122,AB77 AB28 AB77,0.600000
SEQ_252,AB03 AB60 AB24,SEQ_297,AB08 AB03 AB60 AB24,0.600000
SEQ_260,AB26 AB80 AB59,SEQ_1481,AB26 AB80 AB59 AB09,0.600000
SEQ_292,RU MA TA,SEQ_1601,RU MA TA SE,0.600000
SEQ_458,AB08 [?],SEQ_1357,[?] AB08 [?],0.600000
SEQ_801,[?] AB08,SEQ_1357,[?] AB08 [?],0.600000
SEQ_875,*309A RI JU,SEQ_1403,*309A RI WA JU,0.600000
SEQ_896,A RU RA,SEQ_1419,A RU DA RA,0.600000
SEQ_951,AB08 AB06 [?],SEQ_1465,AB08 AB59 AB06 [?],0.600000
SEQ_966,AB08 AB59 [?],SEQ_1465,AB08 AB59 AB06 [?],0.600000
SEQ_966,AB08 AB59 [?],SEQ_1470,AB08 AB77 AB59 [?],0.600000
SEQ_097,AB81 AB02 AB22 AB67,SEQ_1539,AB81 AB02 AB22 AB28,0.570000
SEQ_1411,A MI DA O,SEQ_1412,A MI DA U,0.570000
SEQ_1464,AB08 AB59 AB06 AB04,SEQ_1465,AB08 AB59 AB06 [?],0.570000
SEQ_1469,AB08 AB73 AB01 AB61,SEQ_1468,AB08 AB73 AB01 AB10,0.570000
SEQ_147,KI RE TA NA,SEQ_1633,]KI RE TA NA,0.570000
SEQ_1476,AB10 AB59 AB28 AB41,SEQ_1475,AB10 AB59 AB28 AB09,0.570000
SEQ_1538,AB80 AB77 AB28 AB59,SEQ_1537,AB80 AB77 AB28 AB09,0.570000
SEQ_1547,DA KU SE NE,SEQ_1548,DA KU SE NE[,0.570000
SEQ_1555,DU RE ZA SE,SEQ_1627,]DU RE ZA SE,0.570000
SEQ_1580,OVISM SI AU RE,SEQ_1581,OVISM SI AU[ RE,0.570000
SEQ_1599,RI RU MA HT,SEQ_1600,RI RU MA TI,0.570000
SEQ_1602,SA MI DA E,SEQ_1603,SA MI DA E[,0.570000
SEQ_1638,]RU PA RA NE,SEQ_1413,A PA RA NE,0.570000
SEQ_309,MA KA I TA,SEQ_1575,MA KA I SE,0.570000
SEQ_1444,AB07 AB27 AB07 AB06,SEQ_1445,AB07 AB60 AB07 AB06,0.550000
SEQ_1455,AB08 AB28 [?] [?],SEQ_1461,AB08 AB51 [?] [?],0.550000
SEQ_1716,AB06 AB80 AB80 AB37 AB37 A319,SEQ_1534,AB80 AB37 AB37 A319,0.550000
SEQ_002,AB81 AB02,SEQ_1151,AB81 AB80 AB02,0.533333
SEQ_006,SA RA2,SEQ_897,A SA RA2,0.533333
SEQ_007,AB31 AB76,SEQ_955,AB08 AB31 AB76,0.533333
SEQ_009,AB67 AB02,SEQ_267,AB67 AB01 AB02,0.533333
SEQ_010,OLE U,SEQ_1245,OLE KI U,0.533333
SEQ_017,GRA PA,SEQ_1273,QE GRA PA,0.533333
SEQ_017,GRA PA,SEQ_138,I GRA PA,0.533333
SEQ_017,GRA PA,SEQ_1402,]VIR GRA PA,0.533333
SEQ_018,OLE KI,SEQ_1244,OLE KI ME,0.533333
SEQ_018,OLE KI,SEQ_1245,OLE KI U,0.533333
SEQ_022,AB08 AB51,SEQ_959,AB08 AB51 AB27,0.533333
SEQ_027,A DU,SEQ_247,A DU ZA,0.533333
SEQ_027,A DU,SEQ_885,A DU RE[,0.533333
SEQ_028,AB81 AB56 AB55,SEQ_1145,AB81 AB56 AB56,0.533333
SEQ_029,MI JA RU,SEQ_655,JA RU,0.533333
SEQ_029,MI JA RU,SEQ_692,MI JA,0.533333
SEQ_036,I [?],SEQ_1192,I [?] GRA,0.533333
SEQ_039,KU PA3 NU,SEQ_1222,KU PA3 PA3,0.533333
SEQ_039,KU PA3 NU,SEQ_679,KU PA3,0.533333
SEQ_047,AB01 AB27,SEQ_262,AB41 AB01 AB27,0.533333
SEQ_047,AB01 AB27,SEQ_921,AB01 AB27 AB81,0.533333
SEQ_047,AB01 AB27,SEQ_922,AB01 AB59 AB27,0.533333
SEQ_047,AB01 AB27,SEQ_942,AB06 AB01 AB27,0.533333
SEQ_050,AB77 AB03,SEQ_1118,AB77 AB03 AB78,0.533333
SEQ_050,AB77 AB03,SEQ_137,AB77 AB81 AB03,0.533333
SEQ_052,AB81 AB03,SEQ_1138,AB81 AB03 AB57,0.533333
SEQ_052,AB81 AB03,SEQ_1139,AB81 AB03 AB79,0.533333
SEQ_052,AB81 AB03,SEQ_137,AB77 AB81 AB03,0.533333
SEQ_053,DA RE,SEQ_1165,DA RE KU[,0.533333
SEQ_053,DA RE,SEQ_1166,DA RE SE,0.533333
SEQ_053,DA RE,SEQ_1169,DA TA RE,0.533333
SEQ_053,DA RE,SEQ_1239,NA DA RE,0.533333
SEQ_053,DA RE,SEQ_293,SI DA RE,0.533333
SEQ_054,KA PA,SEQ_1201,KA PA QE,0.533333
SEQ_056,MA RU,SEQ_1233,MA RU ME,0.533333
SEQ_056,MA RU,SEQ_1234,MA RU RE,0.533333
SEQ_073,AB31 AB02,SEQ_1011,AB31 AB02 AB78,0.533333
SEQ_073,AB31 AB02,SEQ_1018,AB31 AB80 AB02,0.533333
SEQ_074,AB31 AB80,SEQ_1014,AB31 AB57 AB80,0.533333
SEQ_074,AB31 AB80,SEQ_1018,AB31 AB80 AB02,0.533333
SEQ_074,AB31 AB80,SEQ_1019,AB31 AB80 AB37,0.533333
SEQ_076,DA SI,SEQ_1163,DA NA SI,0.533333
SEQ_078,OLE DI,SEQ_1246,OLE QE DI,0.533333
SEQ_079,SA MA,SEQ_1294,SA JA MA,0.533333
SEQ_079,SA MA,SEQ_1295,SA MA RO,0.533333
SEQ_080,SA RO,SEQ_1295,SA MA RO,0.533333
SEQ_080,SA RO,SEQ_1300,SA RO QE[,0.533333
SEQ_083,]KU RO,SEQ_1387,]KU MA RO,0.533333
SEQ_087,AB03 AB57 AB27,SEQ_432,AB03 AB27,0.533333
SEQ_087,AB03 AB57 AB27,SEQ_433,AB03 AB57,0.533333
SEQ_088,AB07 AB06 AB10,SEQ_175,AB07 AB06,0.533333
SEQ_090,AB59 AB06 AB37,SEQ_190,AB59 AB37,0.533333
SEQ_091,AB81 AB30 AB58,SEQ_606,AB81 AB30,0.533333
SEQ_095,TA NA TI,SEQ_227,TA TI,0.533333
SEQ_095,TA NA TI,SEQ_696,NA TI,0.533333
SEQ_1000,AB28 AB26 AB57,SEQ_481,AB26 AB57,0.533333
SEQ_1001,AB28 AB51 AB37,SEQ_492,AB28 AB37,0.533333
SEQ_1003,AB28 AB59 AB57,SEQ_557,AB59 AB57,0.533333
SEQ_1005,AB28 AB81 AB39,SEQ_607,AB81 AB39,0.533333
SEQ_1009,AB31 A301 AB53,SEQ_502,AB31 AB53,0.533333
SEQ_1015,AB31 AB60 AB07,SEQ_1016,AB31 AB60 AB60,0.533333
SEQ_1017,AB31 AB78 AB53,SEQ_502,AB31 AB53,0.533333
SEQ_1022,AB37 AB30 AB59,SEQ_505,AB37 AB30,0.533333
SEQ_1024,AB37 AB51 AB30,SEQ_505,AB37 AB30,0.533333
SEQ_1032,AB39 AB59 AB57,SEQ_557,AB59 AB57,0.533333
SEQ_1038,AB40 AB07 AB06,SEQ_175,AB07 AB06,0.533333
SEQ_1040,AB41 AB01 AB04,SEQ_513,AB41 AB04,0.533333
SEQ_1041,AB41 AB04 AB69,SEQ_513,AB41 AB04,0.533333
SEQ_1062,AB51 AB60 AB27,SEQ_526,AB51 AB60,0.533333
SEQ_1064,AB53 AB26 AB80,SEQ_484,AB26 AB80,0.533333
SEQ_1069,AB54 AB61 AB73,SEQ_562,AB61 AB73,0.533333
SEQ_1077,AB57 AB41 AB38,SEQ_544,AB57 AB41,0.533333
SEQ_1078,AB57 AB81 AB37,SEQ_542,AB57 AB37,0.533333
SEQ_1078,AB57 AB81 AB37,SEQ_547,AB57 AB81,0.533333
SEQ_1090,AB60 AB53 AB45,SEQ_561,AB60 AB53,0.533333
SEQ_1106,AB69 AB58 AB29,SEQ_549,AB58 AB29,0.533333
SEQ_1107,AB69 AB65 AB80,SEQ_569,AB69 AB80,0.533333
SEQ_111,AB03 AB45,SEQ_936,AB03 AB53 AB45,0.533333
SEQ_1112,AB73 AB55 AB73,SEQ_136,AB73 AB55 AB04,0.533333
SEQ_1116,AB77 AB02 AB06,SEQ_195,AB77 AB06,0.533333
SEQ_1119,AB77 AB11 AB26,SEQ_197,AB77 AB26,0.533333
SEQ_1120,AB77 AB27 AB02,SEQ_486,AB27 AB02,0.533333
SEQ_1122,AB77 AB28 AB77,SEQ_1121,AB77 AB28 AB02,0.533333
SEQ_1123,AB77 AB31 AB26,SEQ_035,AB31 AB26,0.533333
SEQ_1123,AB77 AB31 AB26,SEQ_197,AB77 AB26,0.533333
SEQ_1123,AB77 AB31 AB26,SEQ_582,AB77 AB31,0.533333
SEQ_1128,AB78 AB58 AB50,SEQ_198,AB78 AB50,0.533333
SEQ_1129,AB78 AB69 AB24,SEQ_590,AB78 AB69,0.533333
SEQ_113,AB08 AB80,SEQ_972,AB08 AB80 AB57,0.533333
SEQ_1131,AB78 AB81 AB27,SEQ_604,AB81 AB27,0.533333
SEQ_1137,AB80 AB41 AB51,SEQ_598,AB80 AB41,0.533333
SEQ_1138,AB81 AB03 AB57,SEQ_433,AB03 AB57,0.533333
SEQ_1141,AB81 AB26 AB80,SEQ_1142,AB81 AB26 AB81,0.533333
SEQ_1141,AB81 AB26 AB80,SEQ_484,AB26 AB80,0.533333
SEQ_1146,AB81 AB60 AB131B,SEQ_609,AB81 AB60,0.533333
SEQ_1147,AB81 AB60 AB23,SEQ_609,AB81 AB60,0.533333
SEQ_1148,AB81 AB73 AB06,SEQ_573,AB73 AB06,0.533333
SEQ_115,AB27 AB17,SEQ_1058,AB51 AB27 AB17,0.533333
SEQ_115,AB27 AB17,SEQ_1096,AB67 AB27 AB17,0.533333
SEQ_1159,B RE RO,SEQ_616,B RO,0.533333
SEQ_1161,DA KU NA,SEQ_678,KU NA,0.533333
SEQ_1168,DA TA RA,SEQ_767,TA RA,0.533333
SEQ_1172,DI NA RO,SEQ_627,DI NA,0.533333
SEQ_1177,DU RI TE,SEQ_634,DU RI,0.533333
SEQ_119,KI RA,SEQ_1186,I KI RA,0.533333
SEQ_119,KI RA,SEQ_1310,SI KI RA,0.533333
SEQ_1194,JA KU TI,SEQ_651,JA KU,0.533333
SEQ_120,KU PA,SEQ_1219,KU PA JA,0.533333
SEQ_120,KU PA,SEQ_1220,KU PA RI,0.533333
SEQ_120,KU PA,SEQ_1221,KU PA ZU,0.533333
SEQ_1200,KA NU TI,SEQ_702,NU TI,0.533333
SEQ_1202,KA PO RU,SEQ_667,KA RU,0.533333
SEQ_1204,KA RO NA,SEQ_210,KA NA,0.533333
SEQ_1205,KA SA RU,SEQ_081,SA RU,0.533333
SEQ_1205,KA SA RU,SEQ_667,KA RU,0.533333
SEQ_1205,KA SA RU,SEQ_669,KA SA,0.533333
SEQ_121,KU RA,SEQ_1223,KU RA MU,0.533333
SEQ_1215,KI TA I,SEQ_226,TA I,0.533333
SEQ_1224,KU RA2 NE,SEQ_212,KU RA2,0.533333
SEQ_1225,KU RA2 SI,SEQ_212,KU RA2,0.533333
SEQ_1226,KU RA2 TA,SEQ_212,KU RA2,0.533333
SEQ_1227,KU RA2 TE,SEQ_212,KU RA2,0.533333
SEQ_1228,KU RE JU,SEQ_681,KU RE,0.533333
SEQ_1230,KU RU MA,SEQ_1229,KU RU KU,0.533333
SEQ_1254,PA RA NE,SEQ_219,PA RA,0.533333
SEQ_126,RE ZA,SEQ_1176,DU RE ZA,0.533333
SEQ_126,RE ZA,SEQ_1213,KI RE ZA,0.533333
SEQ_127,TE GRA,SEQ_1326,TE GRA F,0.533333
SEQ_1274,QE KU RE,SEQ_681,KU RE,0.533333
SEQ_1278,QE SU PU,SEQ_725,QE PU,0.533333
SEQ_1297,SA QE RI,SEQ_224,SA RI,0.533333
SEQ_130,AB01 AB78 AB60,SEQ_427,AB01 AB60,0.533333
SEQ_1316,SI TE TU,SEQ_756,SI TU,0.533333
SEQ_1318,SUS I [?],SEQ_036,I [?],0.533333
SEQ_132,AB08 AB77 AB26,SEQ_197,AB77 AB26,0.533333
SEQ_132,AB08 AB77 AB26,SEQ_450,AB08 AB26,0.533333
SEQ_1325,TE GRA DA,SEQ_127,TE GRA,0.533333
SEQ_1338,TU SU PU2,SEQ_759,SU PU2,0.533333
SEQ_1338,TU SU PU2,SEQ_779,TU SU,0.533333
SEQ_134,AB21F AB69 AB24,SEQ_475,AB21F AB69,0.533333
SEQ_1346,VIR KA VINA,SEQ_082,VIR KA,0.533333
SEQ_1348,WI DI NA,SEQ_627,DI NA,0.533333
SEQ_1356,[?] AB08 AB53,SEQ_1357,[?] AB08 [?],0.533333
SEQ_1356,[?] AB08 AB53,SEQ_454,AB08 AB53,0.533333
SEQ_1356,[?] AB08 AB53,SEQ_801,[?] AB08,0.533333
SEQ_1358,[?] AB118 AB77,SEQ_809,[?] AB77,0.533333
SEQ_1360,[?] AB30 AB59,SEQ_244,[?] AB59,0.533333
SEQ_1362,[?] AB31 AB60,SEQ_245,[?] AB60,0.533333
SEQ_1369,[?] AB57 AB39,SEQ_1371,[?] AB57 [?],0.533333
SEQ_137,AB77 AB81 AB03,SEQ_588,AB77 AB81,0.533333
SEQ_1371,[?] AB57 [?],SEQ_1368,[?] AB57 AB31,0.533333
SEQ_1371,[?] AB57 [?],SEQ_1370,[?] AB57 AB58,0.533333
SEQ_1375,[?] [?] AB08,SEQ_1357,[?] AB08 [?],0.533333
SEQ_1377,[[A KA RU,SEQ_667,KA RU,0.533333
SEQ_1380,]A SU MI,SEQ_758,SU MI,0.533333
SEQ_1398,]SA RA DI,SEQ_858,]SA RA,0.533333
SEQ_140,MI NU TE,SEQ_1237,MI NU MI,0.533333
SEQ_167,A RI,SEQ_893,A RI JA[,0.533333
SEQ_167,A RI,SEQ_894,A RI PA,0.533333
SEQ_168,A RU,SEQ_902,A TI RU,0.533333
SEQ_169,AB03 AB09,SEQ_131,AB03 AB09 AB57,0.533333
SEQ_174,AB04 AB69,SEQ_1041,AB41 AB04 AB69,0.533333
SEQ_174,AB04 AB69,SEQ_941,AB04 AB69 [?],0.533333
SEQ_176,AB08 AB60,SEQ_967,AB08 AB60 AB65,0.533333
SEQ_176,AB08 AB60,SEQ_968,AB08 AB60 AB69,0.533333
SEQ_176,AB08 AB60,SEQ_971,AB08 AB79 AB60,0.533333
SEQ_185,AB41 AB69,SEQ_1041,AB41 AB04 AB69,0.533333
SEQ_188,AB56 AB30,SEQ_1072,AB56 AB30 AB40,0.533333
SEQ_188,AB56 AB30,SEQ_265,AB56 AB30 AB06,0.533333
SEQ_191,AB59 [?],SEQ_966,AB08 AB59 [?],0.533333
SEQ_192,AB67 AB60,SEQ_1004,AB28 AB67 AB60,0.533333
SEQ_192,AB67 AB60,SEQ_1046,AB41 AB67 AB60,0.533333
SEQ_205,GRA F,SEQ_1183,GRA OVIS F,0.533333
SEQ_205,GRA F,SEQ_1326,TE GRA F,0.533333
SEQ_205,GRA F,SEQ_1399,]SE GRA F,0.533333
SEQ_211,KI ME,SEQ_1244,OLE KI ME,0.533333
SEQ_215,OLE MI[,SEQ_1253,PA OLE MI[,0.533333
SEQ_221,PA3 NI,SEQ_1259,PA3 NI NA[,0.533333
SEQ_221,PA3 NI,SEQ_288,PA3 NI NA,0.533333
SEQ_230,TE RI,SEQ_1329,TE RI HT,0.533333
SEQ_231,TE TU,SEQ_1316,SI TE TU,0.533333
SEQ_242,[?] AB27,SEQ_1359,[?] AB27 AB37,0.533333
SEQ_247,A DU ZA,SEQ_413,A ZA,0.533333
SEQ_248,A KA RU,SEQ_168,A RU,0.533333
SEQ_248,A KA RU,SEQ_667,KA RU,0.533333
SEQ_250,AB03 AB59 AB01,SEQ_434,AB03 AB59,0.533333
SEQ_251,AB03 AB59 AB24,SEQ_434,AB03 AB59,0.533333
SEQ_252,AB03 AB60 AB24,SEQ_170,AB03 AB60,0.533333
SEQ_253,AB07 AB45 AB26,SEQ_445,AB07 AB45,0.533333
SEQ_254,AB07 AB53 AB06,SEQ_175,AB07 AB06,0.533333
SEQ_255,AB07 AB67 AB09,SEQ_446,AB07 AB67,0.533333
SEQ_256,AB08 AB03 [?],SEQ_458,AB08 [?],0.533333
SEQ_260,AB26 AB80 AB59,SEQ_484,AB26 AB80,0.533333
SEQ_261,AB28 AB16 AB118,SEQ_468,AB16 AB118,0.533333
SEQ_267,AB67 AB01 AB02,SEQ_566,AB67 AB01,0.533333
SEQ_271,AB81 AB27 AB65,SEQ_604,AB81 AB27,0.533333
SEQ_272,AB81 AB79 AB30,SEQ_606,AB81 AB30,0.533333
SEQ_273,B PA D,SEQ_612,B D,0.533333
SEQ_274,DA NA TU,SEQ_623,DA TU,0.533333
SEQ_278,DI NA U,SEQ_627,DI NA,0.533333
SEQ_279,DI RI NA,SEQ_627,DI NA,0.533333
SEQ_280,GRA K L2,SEQ_641,GRA L2,0.533333
SEQ_281,KI DA RO,SEQ_024,KI RO,0.533333
SEQ_281,KI DA RO,SEQ_671,KI DA,0.533333
SEQ_282,KI RE TA2,SEQ_672,KI RE,0.533333
SEQ_283,KI RI TA2,SEQ_674,KI TA2,0.533333
SEQ_285,MI JA I,SEQ_692,MI JA,0.533333
SEQ_286,MI JA KA,SEQ_692,MI JA,0.533333
SEQ_294,TU JU MA,SEQ_778,TU MA,0.533333
SEQ_406,A MI,SEQ_890,A MI TA,0.533333
SEQ_408,A PA,SEQ_894,A RI PA,0.533333
SEQ_411,A TA,SEQ_890,A MI TA,0.533333
SEQ_411,A TA,SEQ_900,A TA NA,0.533333
SEQ_411,A TA,SEQ_901,A TA RE,0.533333
SEQ_425,AB01 AB28,SEQ_1354,[?] AB01 AB28,0.533333
SEQ_433,AB03 AB57,SEQ_131,AB03 AB09 AB57,0.533333
SEQ_433,AB03 AB57,SEQ_945,AB07 AB03 AB57,0.533333
SEQ_440,AB04 [?],SEQ_1087,AB60 AB04 [?],0.533333
SEQ_450,AB08 AB26,SEQ_956,AB08 AB37 AB26,0.533333
SEQ_452,AB08 AB41,SEQ_958,AB08 AB41 AB118,0.533333
SEQ_455,AB08 AB57,SEQ_960,AB08 AB53 AB57,0.533333
SEQ_455,AB08 AB57,SEQ_973,AB08 [?] AB57,0.533333
SEQ_457,AB08 AB73,SEQ_970,AB08 AB73 AB59,0.533333
SEQ_458,AB08 [?],SEQ_962,AB08 AB56 [?],0.533333
SEQ_458,AB08 [?],SEQ_973,AB08 [?] AB57,0.533333
SEQ_501,AB31 AB24,SEQ_1099,AB67 AB31 AB24,0.533333
SEQ_516,AB41 AB51,SEQ_1137,AB80 AB41 AB51,0.533333
SEQ_517,AB41 AB60,SEQ_1046,AB41 AB67 AB60,0.533333
SEQ_517,AB41 AB60,SEQ_927,AB02 AB41 AB60,0.533333
SEQ_531,AB53 AB57,SEQ_960,AB08 AB53 AB57,0.533333
SEQ_533,AB55 AB27,SEQ_939,AB04 AB55 AB27,0.533333
SEQ_534,AB55 AB37,SEQ_1125,AB77 AB55 AB37,0.533333
SEQ_534,AB55 AB37,SEQ_1367,[?] AB55 AB37,0.533333
SEQ_541,AB57 AB27,SEQ_087,AB03 AB57 AB27,0.533333
SEQ_541,AB57 AB27,SEQ_1075,AB57 AB27 AB73,0.533333
SEQ_549,AB58 AB29,SEQ_1079,AB58 AB29 AB188,0.533333
SEQ_550,AB58 AB50,SEQ_1128,AB78 AB58 AB50,0.533333
SEQ_555,AB59 AB39,SEQ_1085,AB59 AB80 AB39,0.533333
SEQ_559,AB59 AB60,SEQ_1033,AB39 AB59 AB60,0.533333
SEQ_565,AB67 A310,SEQ_1093,AB67 A310 AB27,0.533333
SEQ_566,AB67 AB01,SEQ_1094,AB67 AB01 AB59,0.533333
SEQ_568,AB69 AB03,SEQ_1103,AB69 AB03 AB53,0.533333
SEQ_572,AB73 AB01,SEQ_1109,AB73 AB01 AB30,0.533333
SEQ_572,AB73 AB01,SEQ_1110,AB73 AB01 AB38,0.533333
SEQ_576,AB73 AB59,SEQ_1047,AB41 AB73 AB59,0.533333
SEQ_576,AB73 AB59,SEQ_970,AB08 AB73 AB59,0.533333
SEQ_579,AB73 [?],SEQ_1028,AB38 AB73 [?],0.533333
SEQ_583,AB77 AB37,SEQ_1125,AB77 AB55 AB37,0.533333
SEQ_597,AB80 AB27,SEQ_1135,AB80 AB04 AB27,0.533333
SEQ_598,AB80 AB41,SEQ_1091,AB60 AB80 AB41,0.533333
SEQ_606,AB81 AB30,SEQ_1143,AB81 AB30 AB04,0.533333
SEQ_606,AB81 AB30,SEQ_1144,AB81 AB30 [?],0.533333
SEQ_608,AB81 AB59,SEQ_1006,AB28 AB81 AB59,0.533333
SEQ_608,AB81 AB59,SEQ_1140,AB81 AB13 AB59,0.533333
SEQ_622,DA RU,SEQ_1249,PA DA RU,0.533333
SEQ_649,JA KA,SEQ_286,MI JA KA,0.533333
SEQ_653,JA PI,SEQ_1347,WA JA PI,0.533333
SEQ_662,KA KI,SEQ_1171,DI KA KI,0.533333
SEQ_670,KA TI,SEQ_1200,KA NU TI,0.533333
SEQ_671,KI DA,SEQ_1208,KI DA TA,0.533333
SEQ_672,KI RE,SEQ_1213,KI RE ZA,0.533333
SEQ_674,KI TA2,SEQ_282,KI RE TA2,0.533333
SEQ_686,MA RE,SEQ_1234,MA RU RE,0.533333
SEQ_687,MA RI,SEQ_1232,MA RI I,0.533333
SEQ_688,MA SI,SEQ_1281,RA MA SI,0.533333
SEQ_709,PA RE,SEQ_093,PA JA RE,0.533333
SEQ_711,PA SE,SEQ_1256,PA SE JA,0.533333
SEQ_721,QA KI,SEQ_1272,QA TI KI,0.533333
SEQ_729,RE TA2,SEQ_282,KI RE TA2,0.533333
SEQ_738,RU MI,SEQ_1292,RU PI[ MI,0.533333
SEQ_750,SI ME,SEQ_1311,SI ME KI,0.533333
SEQ_752,SI RA,SEQ_1310,SI KI RA,0.533333
SEQ_754,SI SE,SEQ_1314,SI SE FIC,0.533333
SEQ_754,SI SE,SEQ_1315,SI SE TE,0.533333
SEQ_767,TA RA,SEQ_1262,PI TA RA,0.533333
SEQ_788,VINA SA,SEQ_1344,VINA GRA SA,0.533333
SEQ_788,VINA SA,SEQ_1345,VINA WA SA,0.533333
SEQ_795,WI DU,SEQ_1349,WI NA DU,0.533333
SEQ_806,[?] AB53,SEQ_1356,[?] AB08 AB53,0.533333
SEQ_806,[?] AB53,SEQ_1364,[?] AB37 AB53,0.533333
SEQ_807,[?] AB58,SEQ_1370,[?] AB57 AB58,0.533333
SEQ_807,[?] AB58,SEQ_1372,[?] AB58 AB03,0.533333
SEQ_808,[?] AB65,SEQ_1374,[?] AB80 AB65,0.533333
SEQ_867,]TU PA,SEQ_1401,]TU PA RI,0.533333
SEQ_883,A DA RO,SEQ_401,A DA,0.533333
SEQ_887,A KI RO,SEQ_024,KI RO,0.533333
SEQ_889,A MA JA,SEQ_404,A MA,0.533333
SEQ_895,A RI SU,SEQ_167,A RI,0.533333
SEQ_896,A RU RA,SEQ_168,A RU,0.533333
SEQ_898,A SE JA,SEQ_109,A SE,0.533333
SEQ_905,A306 AB69 AB57,SEQ_072,A306 AB69,0.533333
SEQ_919,AB01 AB10 AB49,SEQ_177,AB10 AB49,0.533333
SEQ_923,AB01 AB59 AB60,SEQ_427,AB01 AB60,0.533333
SEQ_923,AB01 AB59 AB60,SEQ_559,AB59 AB60,0.533333
SEQ_928,AB02 [?] AB08,SEQ_1375,[?] [?] AB08,0.533333
SEQ_928,AB02 [?] AB08,SEQ_801,[?] AB08,0.533333
SEQ_938,AB03 AB59 AB78,SEQ_434,AB03 AB59,0.533333
SEQ_941,AB04 AB69 [?],SEQ_193,AB69 [?],0.533333
SEQ_941,AB04 AB69 [?],SEQ_440,AB04 [?],0.533333
SEQ_946,AB07 AB06 AB02,SEQ_175,AB07 AB06,0.533333
SEQ_949,AB08 AB01 AB02,SEQ_448,AB08 AB01,0.533333
SEQ_951,AB08 AB06 [?],SEQ_458,AB08 [?],0.533333
SEQ_960,AB08 AB53 AB57,SEQ_454,AB08 AB53,0.533333
SEQ_961,AB08 AB53 AB58,SEQ_454,AB08 AB53,0.533333
SEQ_963,AB08 AB58 AB57,SEQ_455,AB08 AB57,0.533333
SEQ_966,AB08 AB59 [?],SEQ_458,AB08 [?],0.533333
SEQ_967,AB08 AB60 AB65,SEQ_456,AB08 AB65,0.533333
SEQ_969,AB08 AB67 AB02,SEQ_009,AB67 AB02,0.533333
SEQ_972,AB08 AB80 AB57,SEQ_455,AB08 AB57,0.533333
SEQ_977,AB10 AB06 AB08,SEQ_976,AB10 AB06 AB06,0.533333
SEQ_986,AB16 AB118 AB31,SEQ_468,AB16 AB118,0.533333
SEQ_989,AB16 AB37 AB67,SEQ_471,AB16 AB67,0.533333
SEQ_993,AB24 AB73 AB06,SEQ_573,AB73 AB06,0.533333
SEQ_995,AB26 AB79 AB06,SEQ_477,AB26 AB06,0.533333
SEQ_998,AB27 AB58 [?],SEQ_488,AB27 [?],0.533333
SEQ_1451,AB08 AB26 AB60 [?],SEQ_1450,AB08 AB26 AB01 AB60,0.520000
SEQ_1470,AB08 AB77 AB59 [?],SEQ_1465,AB08 AB59 AB06 [?],0.520000
SEQ_1654,AB06 AB21F AB24 AB73 AB06,SEQ_944,AB06 AB21F AB24,0.510000
SEQ_1654,AB06 AB21F AB24 AB73 AB06,SEQ_993,AB24 AB73 AB06,0.510000
SEQ_1661,AB08 AB60 [?] AB08 AB69,SEQ_968,AB08 AB60 AB69,0.510000
SEQ_1700,NA QIF NE MI NA,SEQ_1241,NE MI NA,0.510000
SEQ_019,[?] [?],SEQ_1113,AB73 [?] [?],0.500000
SEQ_019,[?] [?],SEQ_1353,[?] A320 [?],0.500000
SEQ_019,[?] [?],SEQ_1357,[?] AB08 [?],0.500000
SEQ_019,[?] [?],SEQ_1371,[?] AB57 [?],0.500000
SEQ_019,[?] [?],SEQ_1375,[?] [?] AB08,0.500000
SEQ_029,MI JA RU,SEQ_285,MI JA I,0.500000
SEQ_029,MI JA RU,SEQ_286,MI JA KA,0.500000
SEQ_030,QA [?] PU,SEQ_057,QA [?] RE,0.500000
SEQ_039,KU PA3 NU,SEQ_1389,]KU PA3 NU,0.500000
SEQ_057,QA [?] RE,SEQ_1268,QA RA RE,0.500000
SEQ_085,AB01 AB41 AB118,SEQ_958,AB08 AB41 AB118,0.500000
SEQ_090,AB59 AB06 AB37,SEQ_1082,AB59 AB06 AB04,0.500000
SEQ_091,AB81 AB30 AB58,SEQ_1143,AB81 AB30 AB04,0.500000
SEQ_091,AB81 AB30 AB58,SEQ_1144,AB81 AB30 [?],0.500000
SEQ_095,TA NA TI,SEQ_1321,TA NA TE,0.500000
SEQ_1001,AB28 AB51 AB37,SEQ_1002,AB28 AB51 AB40,0.500000
SEQ_1003,AB28 AB59 AB57,SEQ_1000,AB28 AB26 AB57,0.500000
SEQ_1003,AB28 AB59 AB57,SEQ_1032,AB39 AB59 AB57,0.500000
SEQ_1004,AB28 AB67 AB60,SEQ_1046,AB41 AB67 AB60,0.500000
SEQ_1006,AB28 AB81 AB59,SEQ_1005,AB28 AB81 AB39,0.500000
SEQ_1007,AB28B AB37 [?],SEQ_1092,AB61 AB37 [?],0.500000
SEQ_1017,AB31 AB78 AB53,SEQ_1009,AB31 A301 AB53,0.500000
SEQ_1018,AB31 AB80 AB02,SEQ_1151,AB81 AB80 AB02,0.500000
SEQ_1019,AB31 AB80 AB37,SEQ_1018,AB31 AB80 AB02,0.500000
SEQ_1020,AB34 AB37 AB53,SEQ_1364,[?] AB37 AB53,0.500000
SEQ_1021,AB37 AB01 AB59,SEQ_1022,AB37 AB30 AB59,0.500000
SEQ_1021,AB37 AB01 AB59,SEQ_1094,AB67 AB01 AB59,0.500000
SEQ_1032,AB39 AB59 AB57,SEQ_1033,AB39 AB59 AB60,0.500000
SEQ_1039,AB40 AB57 AB58,SEQ_1370,[?] AB57 AB58,0.500000
SEQ_1040,AB41 AB01 AB04,SEQ_262,AB41 AB01 AB27,0.500000
SEQ_1042,AB41 AB06 [?],SEQ_913,A320 AB06 [?],0.500000
SEQ_1045,AB41 AB67 AB24,SEQ_1046,AB41 AB67 AB60,0.500000
SEQ_1047,AB41 AB73 AB59,SEQ_970,AB08 AB73 AB59,0.500000
SEQ_1048,AB41 [?] AB67,SEQ_263,AB41 AB39 AB67,0.500000
SEQ_1058,AB51 AB27 AB17,SEQ_1096,AB67 AB27 AB17,0.500000
SEQ_1059,AB51 AB29 AB27,SEQ_1062,AB51 AB60 AB27,0.500000
SEQ_1064,AB53 AB26 AB80,SEQ_1065,AB53 AB58 AB80,0.500000
SEQ_1090,AB60 AB53 AB45,SEQ_936,AB03 AB53 AB45,0.500000
SEQ_1095,AB67 AB07 AB30,SEQ_264,AB54 AB07 AB30,0.500000
SEQ_1097,AB67 AB27 AB66,SEQ_1096,AB67 AB27 AB17,0.500000
SEQ_1109,AB73 AB01 AB30,SEQ_1110,AB73 AB01 AB38,0.500000
SEQ_1116,AB77 AB02 AB06,SEQ_1117,AB77 AB02 AB56,0.500000
SEQ_1120,AB77 AB27 AB02,SEQ_1121,AB77 AB28 AB02,0.500000
SEQ_1123,AB77 AB31 AB26,SEQ_1119,AB77 AB11 AB26,0.500000
SEQ_1125,AB77 AB55 AB37,SEQ_1367,[?] AB55 AB37,0.500000
SEQ_1126,AB77 AB59 AB27,SEQ_965,AB08 AB59 AB27,0.500000
SEQ_1133,AB79 AB30 AB77,SEQ_1083,AB59 AB30 AB77,0.500000
SEQ_1138,AB81 AB03 AB57,SEQ_1139,AB81 AB03 AB79,0.500000
SEQ_1138,AB81 AB03 AB57,SEQ_945,AB07 AB03 AB57,0.500000
SEQ_1141,AB81 AB26 AB80,SEQ_1064,AB53 AB26 AB80,0.500000
SEQ_1144,AB81 AB30 [?],SEQ_1143,AB81 AB30 AB04,0.500000
SEQ_1144,AB81 AB30 [?],SEQ_1149,AB81 AB77 [?],0.500000
SEQ_1146,AB81 AB60 AB131B,SEQ_1147,AB81 AB60 AB23,0.500000
SEQ_1150,AB81 AB79 AB06,SEQ_1148,AB81 AB73 AB06,0.500000
SEQ_1152,AB81 AB80 AB65,SEQ_1151,AB81 AB80 AB02,0.500000
SEQ_1152,AB81 AB80 AB65,SEQ_1374,[?] AB80 AB65,0.500000
SEQ_1163,DA NA SI,SEQ_1181,E NA SI,0.500000
SEQ_1166,DA RE SE,SEQ_1165,DA RE KU[,0.500000
SEQ_1168,DA TA RA,SEQ_1169,DA TA RE,0.500000
SEQ_1168,DA TA RA,SEQ_1262,PI TA RA,0.500000
SEQ_1169,DA TA RE,SEQ_1323,TA2 TA RE,0.500000
SEQ_1169,DA TA RE,SEQ_901,A TA RE,0.500000
SEQ_1172,DI NA RO,SEQ_278,DI NA U,0.500000
SEQ_1176,DU RE ZA,SEQ_1213,KI RE ZA,0.500000
SEQ_1185,I GRA *22M,SEQ_138,I GRA PA,0.500000
SEQ_1186,I KI RA,SEQ_1310,SI KI RA,0.500000
SEQ_1188,I KU TA,SEQ_1187,I KU PI[,0.500000
SEQ_1191,I TA JA,SEQ_1190,I RU JA,0.500000
SEQ_1191,I TA JA,SEQ_1261,PI TA JA,0.500000
SEQ_1205,KA SA RU,SEQ_1202,KA PO RU,0.500000
SEQ_1219,KU PA JA,SEQ_1220,KU PA RI,0.500000
SEQ_1219,KU PA JA,SEQ_1221,KU PA ZU,0.500000
SEQ_1221,KU PA ZU,SEQ_1220,KU PA RI,0.500000
SEQ_1224,KU RA2 NE,SEQ_1226,KU RA2 TA,0.500000
SEQ_1225,KU RA2 SI,SEQ_1224,KU RA2 NE,0.500000
SEQ_1225,KU RA2 SI,SEQ_1226,KU RA2 TA,0.500000
SEQ_1227,KU RA2 TE,SEQ_1218,KU NI TE,0.500000
SEQ_1227,KU RA2 TE,SEQ_1224,KU RA2 NE,0.500000
SEQ_1227,KU RA2 TE,SEQ_1225,KU RA2 SI,0.500000
SEQ_1227,KU RA2 TE,SEQ_1226,KU RA2 TA,0.500000
SEQ_1228,KU RE JU,SEQ_1217,KU MA JU,0.500000
SEQ_1228,KU RE JU,SEQ_1299,SA RE JU,0.500000
SEQ_1228,KU RE JU,SEQ_1390,]KU RE JU,0.500000
SEQ_1230,KU RU MA,SEQ_1288,RI RU MA,0.500000
SEQ_1232,MA RI I,SEQ_1203,KA RI I,0.500000
SEQ_1233,MA RU ME,SEQ_1234,MA RU RE,0.500000
SEQ_1239,NA DA RE,SEQ_293,SI DA RE,0.500000
SEQ_1244,OLE KI ME,SEQ_1245,OLE KI U,0.500000
SEQ_1247,PA DA KU[,SEQ_1248,PA DA NI,0.500000
SEQ_1247,PA DA KU[,SEQ_1249,PA DA RU,0.500000
SEQ_1248,PA DA NI,SEQ_1249,PA DA RU,0.500000
SEQ_1254,PA RA NE,SEQ_141,PA TA NE,0.500000
SEQ_1257,PA TA DA,SEQ_1258,PA TA DA[,0.500000
SEQ_1261,PI TA JA,SEQ_1262,PI TA RA,0.500000
SEQ_1272,QA TI KI,SEQ_1271,QA TI JU,0.500000
SEQ_1276,QE RA2 JA[,SEQ_1277,QE RA2 U,0.500000
SEQ_129,A324 AB07 AB60,SEQ_270,AB79 AB07 AB60,0.500000
SEQ_1295,SA MA RO,SEQ_1387,]KU MA RO,0.500000
SEQ_1299,SA RE JU,SEQ_1390,]KU RE JU,0.500000
SEQ_130,AB01 AB78 AB60,SEQ_923,AB01 AB59 AB60,0.500000
SEQ_1302,SE KU TU,SEQ_888,A KU TU,0.500000
SEQ_1305,SI DA RO,SEQ_281,KI DA RO,0.500000
SEQ_1305,SI DA RO,SEQ_293,SI DA RE,0.500000
SEQ_1306,SI DA TE,SEQ_1305,SI DA RO,0.500000
SEQ_1306,SI DA TE,SEQ_1315,SI SE TE,0.500000
SEQ_1306,SI DA TE,SEQ_293,SI DA RE,0.500000
SEQ_1309,SI KI NE,SEQ_1310,SI KI RA,0.500000
SEQ_1311,SI ME KI,SEQ_142,SI PI KI,0.500000
SEQ_1312,SI MI TA,SEQ_890,A MI TA,0.500000
SEQ_1315,SI SE TE,SEQ_1314,SI SE FIC,0.500000
SEQ_132,AB08 AB77 AB26,SEQ_956,AB08 AB37 AB26,0.500000
SEQ_1322,TA RI NA,SEQ_279,DI RI NA,0.500000
SEQ_1323,TA2 TA RE,SEQ_901,A TA RE,0.500000
SEQ_1325,TE GRA DA,SEQ_1326,TE GRA F,0.500000
SEQ_1326,TE GRA F,SEQ_1399,]SE GRA F,0.500000
SEQ_1327,TE JA RE,SEQ_093,PA JA RE,0.500000
SEQ_1330,TI DA TA,SEQ_1208,KI DA TA,0.500000
SEQ_1330,TI DA TA,SEQ_1332,TI NI TA,0.500000
SEQ_1337,TU RU SI,SEQ_1333,TI RU SI,0.500000
SEQ_134,AB21F AB69 AB24,SEQ_1129,AB78 AB69 AB24,0.500000
SEQ_1344,VINA GRA SA,SEQ_1345,VINA WA SA,0.500000
SEQ_1353,[?] A320 [?],SEQ_1376,[?] [?] [?],0.500000
SEQ_1356,[?] AB08 AB53,SEQ_1364,[?] AB37 AB53,0.500000
SEQ_1357,[?] AB08 [?],SEQ_1376,[?] [?] [?],0.500000
SEQ_1359,[?] AB27 AB37,SEQ_1367,[?] AB55 AB37,0.500000
SEQ_1360,[?] AB30 AB59,SEQ_1022,AB37 AB30 AB59,0.500000
SEQ_1362,[?] AB31 AB60,SEQ_1361,[?] AB31 AB50,0.500000
SEQ_1363,[?] AB37 AB31,SEQ_1364,[?] AB37 AB53,0.500000
SEQ_1363,[?] AB37 AB31,SEQ_1368,[?] AB57 AB31,0.500000
SEQ_1365,[?] AB40 AB51,SEQ_1366,[?] AB40 AB57,0.500000
SEQ_1369,[?] AB57 AB39,SEQ_1368,[?] AB57 AB31,0.500000
SEQ_1369,[?] AB57 AB39,SEQ_1370,[?] AB57 AB58,0.500000
SEQ_1370,[?] AB57 AB58,SEQ_1368,[?] AB57 AB31,0.500000
SEQ_1371,[?] AB57 [?],SEQ_1376,[?] [?] [?],0.500000
SEQ_1373,[?] AB76 AB51,SEQ_1365,[?] AB40 AB51,0.500000
SEQ_1375,[?] [?] AB08,SEQ_1376,[?] [?] [?],0.500000
SEQ_1376,[?] [?] [?],SEQ_1113,AB73 [?] [?],0.500000
SEQ_138,I GRA PA,SEQ_1273,QE GRA PA,0.500000
SEQ_1381,]DI JA I,SEQ_285,MI JA I,0.500000
SEQ_139,KU NI SU,SEQ_1218,KU NI TE,0.500000
SEQ_139,KU NI SU,SEQ_1378,[[KU NI SU,0.500000
SEQ_1401,]TU PA RI,SEQ_1220,KU PA RI,0.500000
SEQ_1402,]VIR GRA PA,SEQ_1273,QE GRA PA,0.500000
SEQ_1402,]VIR GRA PA,SEQ_138,I GRA PA,0.500000
SEQ_141,PA TA NE,SEQ_1257,PA TA DA,0.500000
SEQ_141,PA TA NE,SEQ_1258,PA TA DA[,0.500000
SEQ_247,A DU ZA,SEQ_885,A DU RE[,0.500000
SEQ_248,A KA RU,SEQ_1377,[[A KA RU,0.500000
SEQ_248,A KA RU,SEQ_886,A KA TA[,0.500000
SEQ_248,A KA RU,SEQ_902,A TI RU,0.500000
SEQ_249,AB03 AB28 AB05,SEQ_934,AB03 AB28 AB67,0.500000
SEQ_251,AB03 AB59 AB24,SEQ_250,AB03 AB59 AB01,0.500000
SEQ_252,AB03 AB60 AB24,SEQ_251,AB03 AB59 AB24,0.500000
SEQ_252,AB03 AB60 AB24,SEQ_935,AB03 AB53 AB24,0.500000
SEQ_254,AB07 AB53 AB06,SEQ_1084,AB59 AB53 AB06,0.500000
SEQ_256,AB08 AB03 [?],SEQ_950,AB08 AB03 AB67,0.500000
SEQ_256,AB08 AB03 [?],SEQ_951,AB08 AB06 [?],0.500000
SEQ_256,AB08 AB03 [?],SEQ_962,AB08 AB56 [?],0.500000
SEQ_256,AB08 AB03 [?],SEQ_966,AB08 AB59 [?],0.500000
SEQ_257,AB10 A325 AB17,SEQ_980,AB10 AB45 AB17,0.500000
SEQ_265,AB56 AB30 AB06,SEQ_1072,AB56 AB30 AB40,0.500000
SEQ_267,AB67 AB01 AB02,SEQ_1094,AB67 AB01 AB59,0.500000
SEQ_268,AB67 AB53 AB66,SEQ_1097,AB67 AB27 AB66,0.500000
SEQ_268,AB67 AB53 AB66,SEQ_1100,AB67 AB53 AB41,0.500000
SEQ_269,AB78 AB76 AB10,SEQ_1130,AB78 AB76 AB57,0.500000
SEQ_271,AB81 AB27 AB65,SEQ_1012,AB31 AB27 AB65,0.500000
SEQ_271,AB81 AB27 AB65,SEQ_1152,AB81 AB80 AB65,0.500000
SEQ_272,AB81 AB79 AB30,SEQ_1150,AB81 AB79 AB06,0.500000
SEQ_274,DA NA TU,SEQ_1163,DA NA SI,0.500000
SEQ_274,DA NA TU,SEQ_1251,PA NA TU,0.500000
SEQ_275,DA QE RA,SEQ_1164,DA QE RA[,0.500000
SEQ_275,DA QE RA,SEQ_1168,DA TA RA,0.500000
SEQ_281,KI DA RO,SEQ_1208,KI DA TA,0.500000
SEQ_282,KI RE TA2,SEQ_1213,KI RE ZA,0.500000
SEQ_283,KI RI TA2,SEQ_1214,KI RI SI,0.500000
SEQ_283,KI RI TA2,SEQ_282,KI RE TA2,0.500000
SEQ_286,MI JA KA,SEQ_285,MI JA I,0.500000
SEQ_287,PA I TO,SEQ_1250,PA I KI[,0.500000
SEQ_288,PA3 NI NA,SEQ_1259,PA3 NI NA[,0.500000
SEQ_289,QE TU NE,SEQ_1279,QE TU RA,0.500000
SEQ_290,QIF TU NE,SEQ_289,QE TU NE,0.500000
SEQ_293,SI DA RE,SEQ_1304,SI AU RE,0.500000
SEQ_875,*309A RI JU,SEQ_1379,]*309B RI JU,0.500000
SEQ_882,*415VAS SU PU,SEQ_1278,QE SU PU,0.500000
SEQ_883,A DA RO,SEQ_1305,SI DA RO,0.500000
SEQ_883,A DA RO,SEQ_281,KI DA RO,0.500000
SEQ_887,A KI RO,SEQ_883,A DA RO,0.500000
SEQ_888,A KU TU,SEQ_892,A RA TU,0.500000
SEQ_891,A RA JU,SEQ_892,A RA TU,0.500000
SEQ_894,A RI PA,SEQ_893,A RI JA[,0.500000
SEQ_895,A RI SU,SEQ_893,A RI JA[,0.500000
SEQ_895,A RI SU,SEQ_894,A RI PA,0.500000
SEQ_898,A SE JA,SEQ_1256,PA SE JA,0.500000
SEQ_898,A SE JA,SEQ_889,A MA JA,0.500000
SEQ_899,A SU JA,SEQ_889,A MA JA,0.500000
SEQ_899,A SU JA,SEQ_898,A SE JA,0.500000
SEQ_901,A TA RE,SEQ_900,A TA NA,0.500000
SEQ_909,A312 AB04 AB04,SEQ_436,AB04 AB04,0.500000
SEQ_917,AB01 AB06 AB41,SEQ_1027,AB38 AB06 AB41,0.500000
SEQ_918,AB01 AB06 AB69,SEQ_917,AB01 AB06 AB41,0.500000
SEQ_918,AB01 AB06 AB69,SEQ_933,AB03 AB06 AB69,0.500000
SEQ_922,AB01 AB59 AB27,SEQ_1126,AB77 AB59 AB27,0.500000
SEQ_922,AB01 AB59 AB27,SEQ_965,AB08 AB59 AB27,0.500000
SEQ_923,AB01 AB59 AB60,SEQ_1033,AB39 AB59 AB60,0.500000
SEQ_923,AB01 AB59 AB60,SEQ_922,AB01 AB59 AB27,0.500000
SEQ_926,AB01 AB81 AB06,SEQ_1052,AB47 AB81 AB06,0.500000
SEQ_932,AB03 AB02 AB58,SEQ_931,AB03 AB02 AB30,0.500000
SEQ_935,AB03 AB53 AB24,SEQ_251,AB03 AB59 AB24,0.500000
SEQ_935,AB03 AB53 AB24,SEQ_936,AB03 AB53 AB45,0.500000
SEQ_938,AB03 AB59 AB78,SEQ_250,AB03 AB59 AB01,0.500000
SEQ_938,AB03 AB59 AB78,SEQ_251,AB03 AB59 AB24,0.500000
SEQ_938,AB03 AB59 AB78,SEQ_937,AB03 AB55 AB78,0.500000
SEQ_940,AB04 AB56 AB27,SEQ_939,AB04 AB55 AB27,0.500000
SEQ_942,AB06 AB01 AB27,SEQ_262,AB41 AB01 AB27,0.500000
SEQ_946,AB07 AB06 AB02,SEQ_088,AB07 AB06 AB10,0.500000
SEQ_949,AB08 AB01 AB02,SEQ_267,AB67 AB01 AB02,0.500000
SEQ_951,AB08 AB06 [?],SEQ_1042,AB41 AB06 [?],0.500000
SEQ_951,AB08 AB06 [?],SEQ_913,A320 AB06 [?],0.500000
SEQ_951,AB08 AB06 [?],SEQ_962,AB08 AB56 [?],0.500000
SEQ_951,AB08 AB06 [?],SEQ_966,AB08 AB59 [?],0.500000
SEQ_956,AB08 AB37 AB26,SEQ_957,AB08 AB37 AB77,0.500000
SEQ_959,AB08 AB51 AB27,SEQ_965,AB08 AB59 AB27,0.500000
SEQ_961,AB08 AB53 AB58,SEQ_960,AB08 AB53 AB57,0.500000
SEQ_963,AB08 AB58 AB57,SEQ_960,AB08 AB53 AB57,0.500000
SEQ_963,AB08 AB58 AB57,SEQ_972,AB08 AB80 AB57,0.500000
SEQ_963,AB08 AB58 AB57,SEQ_973,AB08 [?] AB57,0.500000
SEQ_964,AB08 AB59 A350,SEQ_965,AB08 AB59 AB27,0.500000
SEQ_964,AB08 AB59 A350,SEQ_966,AB08 AB59 [?],0.500000
SEQ_966,AB08 AB59 [?],SEQ_962,AB08 AB56 [?],0.500000
SEQ_966,AB08 AB59 [?],SEQ_965,AB08 AB59 AB27,0.500000
SEQ_967,AB08 AB60 AB65,SEQ_968,AB08 AB60 AB69,0.500000
SEQ_969,AB08 AB67 AB02,SEQ_949,AB08 AB01 AB02,0.500000
SEQ_972,AB08 AB80 AB57,SEQ_960,AB08 AB53 AB57,0.500000
SEQ_972,AB08 AB80 AB57,SEQ_973,AB08 [?] AB57,0.500000
SEQ_973,AB08 [?] AB57,SEQ_960,AB08 AB53 AB57,0.500000
SEQ_989,AB16 AB37 AB67,SEQ_988,AB16 AB37 AB65,0.500000
SEQ_993,AB24 AB73 AB06,SEQ_1148,AB81 AB73 AB06,0.500000
SEQ_995,AB26 AB79 AB06,SEQ_1150,AB81 AB79 AB06,0.500000
