cluster_id,sequence_id,sequence,line_frequency,sequence_length,artifacts,artifact_count
CL_157,SEQ_001,FIC,32,1,"HT 100,HT 103,HT 110,HT 114,HT 12,HT 121,HT 125,HT 129,HT 130,HT 18,HT 27,HT 28,HT 30,HT 6,HT 89,HT 90,HT 91,HT 94,HT 96,HT 99,KH 11,KH 15,KH 20,KH 21,KH 5,KH 73,KH 75,KH 88,KH 9,PH 14,ZA 1,ZA 8",32
CL_004,SEQ_002,AB81 AB02,31,2,"HT 100,HT 102,HT 104,HT 109,HT 110A,HT 116B,HT 117A,HT 118,HT 119,HT 11A,HT 11B,HT 122A,HT 122B,HT 123A,HT 123B,HT 127B,HT 13,HT 25B,HT 27A,HT 39,HT 40,HT 46A,HT 74,HT 85A,HT 88,HT 89,HT 94A,HT 94B,HT 9B,PH 31A,ZA 15B",31
CL_158,SEQ_003,GRA,24,1,"ARKH 3,ARKH 5,HT 101,HT 102,HT 114,HT 115,HT 121,HT 125,HT 129,HT 131,HT 14,HT 15,HT 18,HT 28,HT 52,HT 62 73,HT 90,HT 92,HT 95,HT 96,KH 10,KH 61,KH 91,ZA 1",24
CL_159,SEQ_004,KU RO,23,2,"HT 100,HT 102,HT 104,HT 109,HT 11,HT 110,HT 116,HT 117,HT 118,HT 119,HT 122,HT 123 124,HT 127,HT 13,HT 25,HT 27,HT 40,HT 88,HT 89,HT 9,HT 94,PH 31,ZA 15",23
CL_160,SEQ_005,VINA,18,1,"HT 100,HT 114,HT 121,HT 130,HT 23,HT 27,HT 28,HT 30,HT 35,HT 60,HT 89,HT 91,HT 99,KH 11,PH 25,PH 31,ZA 11,ZA 15",18
CL_078,SEQ_006,SA RA2,18,2,"HT 100,HT 101,HT 102,HT 105,HT 114,HT 121,HT 130,HT 18,HT 28,HT 30,HT 32,HT 33,HT 34,HT 90,HT 93,HT 94,HT 97,HT 99",18
CL_079,SEQ_007,AB31 AB76,17,2,"HT 100,HT 101,HT 102,HT 114A,HT 121,HT 130,HT 18,HT 28B,HT 30,HT 32,HT 33,HT 34,HT 90,HT 93A,HT 94A,HT 97B,HT 99A",17
CL_161,SEQ_008,*411VASB,13,1,"KH WC 2008,KH WC 2009,KH WC 2011,KH WC 2012,KH WC 2013,KH WC 2014,KH WC 2015,KH WC 2016,KH WC 2017,KH WC 2018,KH WC 2022,KH WC 2023,KH WC 2024",13
CL_006,SEQ_009,AB67 AB02,12,2,"HT 1,HT 117A,HT 123A,HT 123B,HT 15,HT 30,HT 34,HT 37,HT 55A,HT 88,HT 93B,HT 94B",12
CL_028,SEQ_010,OLE U,12,2,"HT 100,HT 101,HT 125,HT 140,HT 2,HT 21,HT 28,HT 44,HT 58,HT 91,HT 96,TY 3",12
CL_162,SEQ_011,VIR,11,1,"HT 105,HT 108,HT 119,HT 25,HT 27,HT 7,HT 93,HT 94,HT WC 3022,PE 1,TY 2",11
CL_163,SEQ_012,AB81,10,1,"ARKH 3A,ARKH 6,HT 101,HT 39,HT 40,HT 42 59,HT 45B,HT 49B,HT 62 73,KH 49",10
CL_164,SEQ_013,AB08,9,1,"ARKH 1B,ARKH 5,HT 57A,HT 97A,KH 17,KH 45,KH 58,PH 27,ZA 21A",9
CL_165,SEQ_014,AB41,9,1,"HT 154N,HT 51B,HT WA 1028,HT WA 1242,KH 47,KH 74,KH 76,KN ZB 4,PH 3B",9
CL_166,SEQ_015,OLIV,9,1,"ARKH 3,HT 101,HT 123 124,HT 21,HT 44,HT 58,HT 91,HT12,ZA 18",9
CL_167,SEQ_016,]FIC,9,1,"HT 110,HT 111,HT 131,HT 154E,HT 44,HT 96,KH 17,KH 30,KH 8",9
CL_029,SEQ_017,GRA PA,9,2,"HT 102,HT 120,HT 125,HT 128,PE 1,ZA 11,ZA 18,ZA 28,ZA 6",9
CL_028,SEQ_018,OLE KI,9,2,"HT 101,HT 140,HT 18,HT 28,HT 50,HT 8,HT 91,TY 3,ZA 18",9
CL_001,SEQ_019,[?] [?],9,2,"HT 136A,HT 154E,HT 27B,HT 49A,HT 54A,HT 72,KH 68,KH 70,PH 3A",9
CL_168,SEQ_020,AB02,8,1,"HT 110B,HT 130,KH 100,KH WA 1013,KH WA 1014,KH WA 1015,KH WA 1016,ZA 1B",8
CL_169,SEQ_021,DESUNT,8,1,"HT 154,HT 23,HT 47,HT 52,TY 3,ZA 16,ZA 5,ZA 7",8
CL_001,SEQ_022,AB08 AB51,8,2,"HT 133,HT 85A,HT 86A,HT 88,HT 92,HT 95B,HT 99A,KH 23",8
CL_170,SEQ_023,AB28 AB76,8,2,"HT WA 1006,HT WA 1007,HT WA 1008,HT WA 1009,HT WA 1010,HT WA 1011,HT WA 1012,HT WA 1013",8
CL_002,SEQ_024,KI RO,8,2,"HT 123 124,HT 15,HT 30,HT 34,HT 37,HT 55,HT 88,HT 94",8
CL_171,SEQ_025,OLE MI,8,2,"HT 100,HT 101,HT 137,HT 28,HT 50,HT 90,HT 91,TY 3",8
CL_080,SEQ_026,AB59,7,1,"ARKH 4A,HT 109,HT 42 59,HT 49B,HT 66,PH 7B,ZA 24B",7
CL_036,SEQ_027,A DU,7,2,"HT 133,HT 85,HT 86,HT 88,HT 92,HT 95,HT 99",7
CL_081,SEQ_028,AB81 AB56 AB55,7,3,"HT 1,HT 117A,HT 122A,HT 3,HT 49A,HT 88,PH 31A",7
CL_011,SEQ_029,MI JA RU,7,3,"HT 23,HT 32,HT 34,HT 35,HT 81,KH 12,KH 60",7
CL_030,SEQ_030,QA [?] PU,7,3,"HT 12,HT 23,HT 30,HT 32,HT 34,HT 35,HT 60",7
CL_172,SEQ_031,*164D,6,1,"KH WC 2036,KH WC 2037,KH WC 2038,KH WC 2039,KH WC 2045,KH WC 2111",6
CL_173,SEQ_032,AB67,6,1,"ARKH 1A,HT 154,HT 54A,HT 54B,HT 81,ZA 21B",6
CL_174,SEQ_033,AB77,6,1,"HT 47A,HT 49B,HT 79 83,HT WA 1028,KH 36,MI 2",6
CL_175,SEQ_034,OLE,6,1,"ARKH 3,HT 101,HT 114,HT 121,HT 139,HT 60",6
CL_010,SEQ_035,AB31 AB26,6,2,"HT 123A,HT 86A,HT 86B,HT 94B,HT 95A,HT 95B",6
CL_045,SEQ_036,I [?],6,2,"HT 154,KH 12,KH WC 2066,KH WC 2070,ZA 1,ZA 11",6
CL_176,SEQ_037,OLE TA,6,2,"HT 30,HT 35,KH 19,KH 55,KH 61,KH 85",6
CL_177,SEQ_038,VIN TE,6,2,HT9,1
CL_037,SEQ_039,KU PA3 NU,6,3,"HT 1,HT 117,HT 122,HT 49,HT 88,PH 31",6
CL_178,SEQ_040,AB10,5,1,"ARKH 4B,HT 126A,HT 47A,HT 56A,HT 58",5
CL_179,SEQ_041,AB24,5,1,"HT 127B,HT 52B,HT 55A,KH 53,PH 31B",5
CL_180,SEQ_042,AB28,5,1,"HT 49B,HT 55B,KH 59,KH 7A,ZA 6A",5
CL_181,SEQ_043,AB60,5,1,"HT 147,HT 53A,KH 14,KH 47,ZA 22",5
CL_182,SEQ_044,AB78,5,1,"HT 146,HT 27A,HT 55B,HT WC 3014B,KH 50",5
CL_183,SEQ_045,AB86,5,1,"HT 11B,KH WA 1013,KH WA 1014,KH WA 1015,KH WA 1016",5
CL_184,SEQ_046,BOSM,5,1,"HT 114,HT 121,HT 30,KH 87,KH WC 2069",5
CL_001,SEQ_047,AB01 AB27,5,2,"HT 10A,HT 10B,HT 122B,HT 7A,HT 85A",5
CL_185,SEQ_048,AB01 AB77,5,2,"HT WA 1001,HT WA 1002,HT WA 1003,HT WA 1004,HT WA 1005",5
CL_186,SEQ_049,AB41 AB77,5,2,"HT WA 1014,HT WA 1015,HT WA 1016,HT WA 1017,HT WA 1018",5
CL_005,SEQ_050,AB77 AB03,5,2,"HT 102,HT 140,HT 6A,HT 8B,HT 94A",5
CL_187,SEQ_051,AB80 AB07,5,2,"HT 118,HT 3,HT 69,HT 85B,PH 31A",5
CL_005,SEQ_052,AB81 AB03,5,2,"HT 110A,HT WA 1020,KH 29,ZA 11A,ZA 11B",5
CL_002,SEQ_053,DA RE,5,2,"HT 10,HT 122,HT 7,HT 85,PK 3",5
CL_082,SEQ_054,KA PA,5,2,"HT 102,HT 140,HT 6,HT 8,HT 94",5
CL_188,SEQ_055,MA DI,5,2,"HT 118,HT 3,HT 85,HT 97,PH 31",5
CL_038,SEQ_056,MA RU,5,2,"HT 117,HT 12,HT 24,HT12,PH 3",5
CL_030,SEQ_057,QA [?] RE,5,3,"HT 23,HT 32,HT 33,HT 34,HT 60",5
CL_189,SEQ_058,AB03,4,1,"HT 122A,HT 45A,KN 32B,ZA 21A",4
CL_190,SEQ_059,AB06,4,1,"ARKH 1B,HT 64,KH 36,KH 97A",4
CL_083,SEQ_060,AB07,4,1,"HT 122A,HT 128A,HT 66,KN ZB 35",4
CL_191,SEQ_061,AB26,4,1,"HT 115B,HT 3,MA 10A,PH 31A",4
CL_192,SEQ_062,AB27,4,1,"HT 109,HT 66,KH 6,KH 97A",4
CL_193,SEQ_063,AB69,4,1,"HT 55A,HT 98A,KH 51,KH 57",4
CL_194,SEQ_064,AB80,4,1,"KH 61,KH 62,ZA 21A,ZA 29",4
CL_195,SEQ_065,CAPM,4,1,"HT 20,HT 64,KN WC 29,PH 31",4
CL_196,SEQ_066,OVIS,4,1,"HT 38,KH WC 2063,KH WC 2102,PH 31",4
CL_197,SEQ_067,OVISF,4,1,"HT 132,PH 31,ZA 22,ZA 9",4
CL_198,SEQ_068,PA3,4,1,"HT 103,HT 34,HT 9,HT8",4
CL_199,SEQ_069,VINB,4,1,"ARKH 2,ARKH 3,ARKH 5,ZA 10",4
CL_200,SEQ_070,]OLIV,4,1,"HT 131,HT 50,ZA 11,ZA 6",4
CL_201,SEQ_071,]VIR,4,1,"HT 105,KH 25,KH 26,PH 8",4
CL_084,SEQ_072,A306 AB69,4,2,"HT 119,HT 122A,HT 9A,HT 9B",4
CL_004,SEQ_073,AB31 AB02,4,2,"HT 17,HT 19,HT 42 59,HT 9A",4
CL_004,SEQ_074,AB31 AB80,4,2,"HT 10A,HT 52A,HT 6B,ZA 10B",4
CL_202,SEQ_075,AB46 AB07,4,2,"HT 122B,HT 140,HT 36,HT 8A",4
CL_019,SEQ_076,DA SI,4,2,"HT 122,HT 13,HT 85,HT 99",4
CL_203,SEQ_077,JE DI,4,2,"HT 122,HT 140,HT 36,HT 8",4
CL_085,SEQ_078,OLE DI,4,2,"HT 12,HT 129,HT 28,HT 90",4
CL_014,SEQ_079,SA MA,4,2,"HT 10,HT 52,HT 6,ZA 10",4
CL_014,SEQ_080,SA RO,4,2,"HT 17,HT 19,HT 42 59,HT 9",4
CL_008,SEQ_081,SA RU,4,2,"HT 123 124,HT 86,HT 94,HT 95",4
CL_086,SEQ_082,VIR KA,4,2,"HT 88,KH WC 2029 2030,KH WC 2031,KH WC 2032",4
CL_014,SEQ_083,]KU RO,4,2,"HT 39,HT 46,HT 67,HT 74",4
CL_204,SEQ_084,]OLE KI,4,2,"HT 125,HT 129,HT 44,HT 56",4
CL_046,SEQ_085,AB01 AB41 AB118,4,3,"HT 122A,HT 13,HT 85A,HT 99B",4
CL_205,SEQ_086,AB01 AB53 AB01,4,3,"HT 10A,HT 122A,HT 85A,HT 93A",4
CL_005,SEQ_087,AB03 AB57 AB27,4,3,"HT 29,HT 88,HT 8B,ZA 10B",4
CL_020,SEQ_088,AB07 AB06 AB10,4,3,"HT 16,HT 25A,HT 9A,HT 9B",4
CL_206,SEQ_089,AB16 A310 AB28,4,3,"HT 122A,HT 85B,HT 8A,HT 8B",4
CL_001,SEQ_090,AB59 AB06 AB37,4,3,"HT 10B,HT 49A,HT 7A,HT 98A",4
CL_003,SEQ_091,AB81 AB30 AB58,4,3,"HT 10A,HT 86A,HT 86B,HT 95B",4
CL_207,SEQ_092,DA RI DA,4,3,"HT 10,HT 122,HT 85,HT 93",4
CL_047,SEQ_093,PA JA RE,4,3,"HT 29,HT 8,HT 88,ZA 10",4
CL_208,SEQ_094,QA QA RU,4,3,"HT 111,HT 118,HT 122,HT 93",4
CL_002,SEQ_095,TA NA TI,4,3,"HT 10,HT 49,HT 7,HT 98",4
CL_209,SEQ_096,AB67 AB27 AB59 AB06,4,4,"HT 108,HT 120,HT 2,HT 8A",4
CL_087,SEQ_097,AB81 AB02 AB22 AB67,4,4,"HT13,HT31,HT95,ZA10",4
CL_210,SEQ_098,*164A,3,1,"KH WC 2042,KH WC 2043,KH WC 2044 2096",3
CL_211,SEQ_099,*409VAS,3,1,"KH WC 2010,KH WC 2020,KH WC 2021",3
CL_048,SEQ_100,AB04,3,1,"HT 55B,ZA 21A,ZA 29",3
CL_001,SEQ_1000,AB28 AB26 AB57,1,3,HT 7A,1
CL_049,SEQ_1001,AB28 AB51 AB37,1,3,HT 104,1
CL_049,SEQ_1002,AB28 AB51 AB40,1,3,MA 1A,1
CL_001,SEQ_1003,AB28 AB59 AB57,1,3,HT 28A,1
CL_015,SEQ_1004,AB28 AB67 AB60,1,3,HT 25A,1
CL_031,SEQ_1005,AB28 AB81 AB39,1,3,KH 18,1
CL_031,SEQ_1006,AB28 AB81 AB59,1,3,HT 35,1
CL_088,SEQ_1007,AB28B AB37 [?],1,3,HT 62 73,1
CL_212,SEQ_1008,AB30 AB57 AB55,1,3,KN ZC 6,1
CL_050,SEQ_1009,AB31 A301 AB53,1,3,ZA 11B,1
CL_213,SEQ_101,AB09,3,1,"KH 28,KH 95,KH 97B",3
CL_214,SEQ_1010,AB31 A323 AB73,1,3,HT 29,1
CL_004,SEQ_1011,AB31 AB02 AB78,1,3,HT 62 73,1
CL_004,SEQ_1012,AB31 AB27 AB65,1,3,HT 20,1
CL_215,SEQ_1013,AB31 AB31 AB13,1,3,HT 23A,1
CL_004,SEQ_1014,AB31 AB57 AB80,1,3,HT 31,1
CL_089,SEQ_1015,AB31 AB60 AB07,1,3,HT 27A,1
CL_089,SEQ_1016,AB31 AB60 AB60,1,3,HT 30,1
CL_050,SEQ_1017,AB31 AB78 AB53,1,3,HT 11B,1
CL_004,SEQ_1018,AB31 AB80 AB02,1,3,HT 88,1
CL_004,SEQ_1019,AB31 AB80 AB37,1,3,HT 39,1
CL_216,SEQ_102,AB37,3,1,"HT 154,MA 1C,MA 2B",3
CL_001,SEQ_1020,AB34 AB37 AB53,1,3,KN ZC 6,1
CL_006,SEQ_1021,AB37 AB01 AB59,1,3,HT 123B,1
CL_006,SEQ_1022,AB37 AB30 AB59,1,3,HT 27A,1
CL_217,SEQ_1023,AB37 AB37 AB81,1,3,HT 35,1
CL_006,SEQ_1024,AB37 AB51 AB30,1,3,HT 49A,1
CL_218,SEQ_1025,AB37 AB55 AB57,1,3,HT 115B,1
CL_219,SEQ_1026,AB38 AB05 AB53,1,3,ZA 11B,1
CL_039,SEQ_1027,AB38 AB06 AB41,1,3,KH 7A,1
CL_001,SEQ_1028,AB38 AB73 [?],1,3,ZA 1B,1
CL_220,SEQ_1029,AB38 AB81 AB26,1,3,ZA 11A,1
CL_221,SEQ_103,AB51,3,1,"HT 122A,HT 123B,HT 47A",3
CL_222,SEQ_1030,AB39 A310 AB08,1,3,ZA 11A,1
CL_223,SEQ_1031,AB39 AB34 AB04,1,3,HT 116A,1
CL_001,SEQ_1032,AB39 AB59 AB57,1,3,HT 6A,1
CL_001,SEQ_1033,AB39 AB59 AB60,1,3,HT 96A,1
CL_224,SEQ_1034,AB39 AB81 AB79,1,3,TY 3B,1
CL_225,SEQ_1035,AB39 [?] AB09,1,3,ZA 4A,1
CL_226,SEQ_1036,AB40 AB04 AB02,1,3,HT 25B,1
CL_227,SEQ_1037,AB40 AB06 AB51,1,3,KH 5,1
CL_020,SEQ_1038,AB40 AB07 AB06,1,3,HT 28B,1
CL_001,SEQ_1039,AB40 AB57 AB58,1,3,HT ZD 157,1
CL_228,SEQ_104,AB79,3,1,"HT 63,HT 79 83,KH 91",3
CL_001,SEQ_1040,AB41 AB01 AB04,1,3,ARKH 2,1
CL_001,SEQ_1041,AB41 AB04 AB69,1,3,ZA 20,1
CL_001,SEQ_1042,AB41 AB06 [?],1,3,KH 40,1
CL_229,SEQ_1043,AB41 AB07 AB57,1,3,HT 126A,1
CL_090,SEQ_1044,AB41 AB28 AB41,1,3,KH 51,1
CL_015,SEQ_1045,AB41 AB67 AB24,1,3,HT 116A,1
CL_015,SEQ_1046,AB41 AB67 AB60,1,3,HT 8A,1
CL_040,SEQ_1047,AB41 AB73 AB59,1,3,HT 96A,1
CL_091,SEQ_1048,AB41 [?] AB67,1,3,ZA 15A,1
CL_230,SEQ_1049,AB44 AB67 AB26,1,3,HT 94B,1
CL_231,SEQ_105,FIC[,3,1,"HT 44,KH 17,KH 91",3
CL_232,SEQ_1050,AB45 AB65 AB81,1,3,HT 93A,1
CL_233,SEQ_1051,AB46 AB59 AB06,1,3,HT WA 1020,1
CL_092,SEQ_1052,AB47 AB81 AB06,1,3,ZA 15A,1
CL_234,SEQ_1053,AB51 AB01 AB80,1,3,HT 6B,1
CL_235,SEQ_1054,AB51 AB123 AB08,1,3,HT 15,1
CL_236,SEQ_1055,AB51 AB13 AB07,1,3,HT 19,1
CL_237,SEQ_1056,AB51 AB24 AB73,1,3,HT 127A,1
CL_238,SEQ_1057,AB51 AB26 AB40,1,3,HT 25A,1
CL_016,SEQ_1058,AB51 AB27 AB17,1,3,KH 20,1
CL_051,SEQ_1059,AB51 AB29 AB27,1,3,HT ZB 160,1
CL_239,SEQ_106,VIR[,3,1,"HT 68,HT 84,KH WC 2004",3
CL_240,SEQ_1060,AB51 AB56 AB06,1,3,HT 115B,1
CL_241,SEQ_1061,AB51 AB58 AB30,1,3,HT 108,1
CL_051,SEQ_1062,AB51 AB60 AB27,1,3,KN ZC 7,1
CL_242,SEQ_1063,AB51 AB79 AB54,1,3,HT 36,1
CL_012,SEQ_1064,AB53 AB26 AB80,1,3,HT 118,1
CL_012,SEQ_1065,AB53 AB58 AB80,1,3,HT 81,1
CL_243,SEQ_1066,AB53 AB59 AB46,1,3,KH 6,1
CL_244,SEQ_1067,AB53 AB73 AB41,1,3,HT 119,1
CL_245,SEQ_1068,AB53 AB77 AB59,1,3,HT 146,1
CL_093,SEQ_1069,AB54 AB61 AB73,1,3,HT WC 3006A,1
CL_246,SEQ_107,*401VAS RA,3,2,"KH 31,KH 91,MI 2",3
CL_247,SEQ_1070,AB55 AB09 [?],1,3,KN WB 33B,1
CL_248,SEQ_1071,AB55 AB51 A331,1,3,HT 40,1
CL_052,SEQ_1072,AB56 AB30 AB40,1,3,SY ZA 4,1
CL_249,SEQ_1073,AB57 AB01 AB58,1,3,KH 74,1
CL_250,SEQ_1074,AB57 AB05 AB57,1,3,ZA 4A,1
CL_005,SEQ_1075,AB57 AB27 AB73,1,3,HT 87,1
CL_251,SEQ_1076,AB57 AB31 AB23,1,3,ZA 15A,1
CL_094,SEQ_1077,AB57 AB41 AB38,1,3,KE ZB 4,1
CL_053,SEQ_1078,AB57 AB81 AB37,1,3,KN 1A,1
CL_054,SEQ_1079,AB58 AB29 AB188,1,3,HT 8B,1
CL_252,SEQ_108,*401VAS RU,3,2,"KH 12,KH 85,KH 91",3
CL_253,SEQ_1080,AB58 AB56 AB60,1,3,HT 31,1
CL_254,SEQ_1081,AB58 AB65 AB59,1,3,KN 22A,1
CL_001,SEQ_1082,AB59 AB06 AB04,1,3,ZA 10A,1
CL_095,SEQ_1083,AB59 AB30 AB77,1,3,HT WC 3005A,1
CL_020,SEQ_1084,AB59 AB53 AB06,1,3,HT 10B,1
CL_096,SEQ_1085,AB59 AB80 AB39,1,3,ZA 21A,1
CL_255,SEQ_1086,AB60 A314 AB60,1,3,HT WC 3006B,1
CL_001,SEQ_1087,AB60 AB04 [?],1,3,ZA 19,1
CL_097,SEQ_1088,AB60 AB06 AB27,1,3,HT 47B,1
CL_256,SEQ_1089,AB60 AB37 AB09,1,3,HT 6B,1
CL_017,SEQ_109,A SE,3,2,"HT 132,HT 81,HT 93",3
CL_007,SEQ_1090,AB60 AB53 AB45,1,3,HT 113,1
CL_041,SEQ_1091,AB60 AB80 AB41,1,3,ZA 11A,1
CL_088,SEQ_1092,AB61 AB37 [?],1,3,HT 93A,1
CL_098,SEQ_1093,AB67 A310 AB27,1,3,HT 37,1
CL_006,SEQ_1094,AB67 AB01 AB59,1,3,HT 40,1
CL_099,SEQ_1095,AB67 AB07 AB30,1,3,HT 93A,1
CL_016,SEQ_1096,AB67 AB27 AB17,1,3,ZA 1A,1
CL_016,SEQ_1097,AB67 AB27 AB66,1,3,HT 85B,1
CL_257,SEQ_1098,AB67 AB30 AB80,1,3,ZA 5A,1
CL_055,SEQ_1099,AB67 AB31 AB24,1,3,KH 6,1
CL_258,SEQ_110,AB01 AB13,3,2,"HT 120,HT 86A,HT 95A",3
CL_016,SEQ_1100,AB67 AB53 AB41,1,3,TY 3B,1
CL_259,SEQ_1101,AB67 AB59 AB28,1,3,HT 123A,1
CL_260,SEQ_1102,AB67 AB67 AB06,1,3,HT 88,1
CL_100,SEQ_1103,AB69 AB03 AB53,1,3,HT 79 83,1
CL_261,SEQ_1104,AB69 AB13 AB09,1,3,ZA 4A,1
CL_262,SEQ_1105,AB69 AB26 AB66,1,3,HT 129,1
CL_054,SEQ_1106,AB69 AB58 AB29,1,3,HT 49A,1
CL_101,SEQ_1107,AB69 AB65 AB80,1,3,HT 117A,1
CL_263,SEQ_1108,AB69 AB78 AB55,1,3,HT 25A,1
CL_042,SEQ_1109,AB73 AB01 AB30,1,3,HT 41A,1
CL_007,SEQ_111,AB03 AB45,3,2,"HT 122A,HT 9A,HT 9B",3
CL_042,SEQ_1110,AB73 AB01 AB38,1,3,ZA 15A,1
CL_264,SEQ_1111,AB73 AB17 AB09,1,3,ZA 15A,1
CL_102,SEQ_1112,AB73 AB55 AB73,1,3,HT 47A,1
CL_001,SEQ_1113,AB73 [?] [?],1,3,ZA 20,1
CL_265,SEQ_1114,AB76 AB02 AB27,1,3,ZA 10B,1
CL_266,SEQ_1115,AB77 A314 AB41,1,3,PH WC 37A,1
CL_056,SEQ_1116,AB77 AB02 AB06,1,3,HT 11A,1
CL_056,SEQ_1117,AB77 AB02 AB56,1,3,HT 31,1
CL_005,SEQ_1118,AB77 AB03 AB78,1,3,HT 6A,1
CL_010,SEQ_1119,AB77 AB11 AB26,1,3,HT 115A,1
CL_267,SEQ_112,AB08 AB09,3,2,"HT 132,HT 81,HT 93A",3
CL_032,SEQ_1120,AB77 AB27 AB02,1,3,HT WC 3003,1
CL_032,SEQ_1121,AB77 AB28 AB02,1,3,ZA 8,1
CL_032,SEQ_1122,AB77 AB28 AB77,1,3,KN WC 3,1
CL_010,SEQ_1123,AB77 AB31 AB26,1,3,HT 10B,1
CL_268,SEQ_1124,AB77 AB46 [?],1,3,KN 22A,1
CL_021,SEQ_1125,AB77 AB55 AB37,1,3,HT 97A,1
CL_001,SEQ_1126,AB77 AB59 AB27,1,3,KH 41,1
CL_269,SEQ_1127,AB78 AB39 AB59,1,3,HT 6A,1
CL_057,SEQ_1128,AB78 AB58 AB50,1,3,HT 87,1
CL_043,SEQ_1129,AB78 AB69 AB24,1,3,HT 12,1
CL_001,SEQ_113,AB08 AB80,3,2,"HS ZG 1,MA 1B,ZA 7B",3
CL_103,SEQ_1130,AB78 AB76 AB57,1,3,HT 3,1
CL_004,SEQ_1131,AB78 AB81 AB27,1,3,HT 20,1
CL_270,SEQ_1132,AB79 AB22F AB07,1,3,HT 101,1
CL_095,SEQ_1133,AB79 AB30 AB77,1,3,HT WC 3004A,1
CL_271,SEQ_1134,AB79 AB65 AB29,1,3,HT 25A,1
CL_104,SEQ_1135,AB80 AB04 AB27,1,3,PH 15A,1
CL_272,SEQ_1136,AB80 AB28 AB73,1,3,HT 89,1
CL_041,SEQ_1137,AB80 AB41 AB51,1,3,HT 43,1
CL_005,SEQ_1138,AB81 AB03 AB57,1,3,HT 116A,1
CL_005,SEQ_1139,AB81 AB03 AB79,1,3,KH 5,1
CL_273,SEQ_114,AB21F AB118,3,2,"KH 88,ZA 14,ZA 5A",3
CL_031,SEQ_1140,AB81 AB13 AB59,1,3,HT 51B,1
CL_012,SEQ_1141,AB81 AB26 AB80,1,3,HT 115B,1
CL_012,SEQ_1142,AB81 AB26 AB81,1,3,HT 87,1
CL_003,SEQ_1143,AB81 AB30 AB04,1,3,KH 92,1
CL_003,SEQ_1144,AB81 AB30 [?],1,3,HT 95A,1
CL_081,SEQ_1145,AB81 AB56 AB56,1,3,HT 88,1
CL_058,SEQ_1146,AB81 AB60 AB131B,1,3,ARKH 2,1
CL_058,SEQ_1147,AB81 AB60 AB23,1,3,HT 117A,1
CL_003,SEQ_1148,AB81 AB73 AB06,1,3,HT WC 3014A,1
CL_003,SEQ_1149,AB81 AB77 [?],1,3,KH 99,1
CL_016,SEQ_115,AB27 AB17,3,2,"HT 13,HT 88,KH 86",3
CL_003,SEQ_1150,AB81 AB79 AB06,1,3,HT 64,1
CL_004,SEQ_1151,AB81 AB80 AB02,1,3,HT 96A,1
CL_004,SEQ_1152,AB81 AB80 AB65,1,3,HT 20,1
CL_274,SEQ_1153,AB85 AB27 AB04,1,3,KH 6,1
CL_275,SEQ_1154,AB86 AB41 AB30,1,3,HT 140,1
CL_276,SEQ_1155,AU RE TE,1,3,KH 6,1
CL_277,SEQ_1156,B B B,1,3,KE WC 2,1
CL_278,SEQ_1157,B GRA E,1,3,MA WC 5,1
CL_279,SEQ_1158,B NI PI,1,3,KN WC 26,1
CL_105,SEQ_1159,B RE RO,1,3,HT WC 3012,1
CL_280,SEQ_116,DA ME,3,2,"HT 120,HT 86,HT 95",3
CL_281,SEQ_1160,DA JU TE,1,3,HT 34,1
CL_106,SEQ_1161,DA KU NA,1,3,HT 103,1
CL_282,SEQ_1162,DA MI NU,1,3,HT 117,1
CL_019,SEQ_1163,DA NA SI,1,3,HT 126,1
CL_002,SEQ_1164,DA QE RA[,1,3,HT 57,1
CL_002,SEQ_1165,DA RE KU[,1,3,ZA 18,1
CL_002,SEQ_1166,DA RE SE,1,3,HT 93,1
CL_283,SEQ_1167,DA RO PA,1,3,HT 38,1
CL_002,SEQ_1168,DA TA RA,1,3,HT 6,1
CL_002,SEQ_1169,DA TA RE,1,3,HT 88,1
CL_284,SEQ_117,FIC TE,3,2,"HT 51,HT 67,HT 70",3
CL_285,SEQ_1170,DE JU KU,1,3,HT 93,1
CL_107,SEQ_1171,DI KA KI,1,3,HT 52,1
CL_022,SEQ_1172,DI NA RO,1,3,HT 108,1
CL_286,SEQ_1173,DU DA MA,1,3,HT 6,1
CL_287,SEQ_1174,DU ME DI,1,3,HT 19,1
CL_288,SEQ_1175,DU PA3 NA,1,3,HT 115,1
CL_009,SEQ_1176,DU RE ZA,1,3,KH 20,1
CL_108,SEQ_1177,DU RI TE,1,3,HT 4,1
CL_289,SEQ_1178,DU RU WI[,1,3,HT 25,1
CL_290,SEQ_1179,DU SU NI,1,3,HT 108,1
CL_291,SEQ_118,GRA QE,3,2,"HT 101,HT 18,HT 28",3
CL_292,SEQ_1180,DU ZU WA,1,3,HT 36,1
CL_019,SEQ_1181,E NA SI,1,3,KH 7,1
CL_293,SEQ_1182,E TO RI,1,3,ZA 11,1
CL_023,SEQ_1183,GRA OVIS F,1,3,HT 82,1
CL_294,SEQ_1184,I DU TI,1,3,HT 104,1
CL_029,SEQ_1185,I GRA *22M,1,3,HT 115,1
CL_024,SEQ_1186,I KI RA,1,3,HT 25,1
CL_109,SEQ_1187,I KU PI[,1,3,KH 18,1
CL_109,SEQ_1188,I KU TA,1,3,HT 35,1
CL_295,SEQ_1189,I NA WA,1,3,PH 6,1
CL_024,SEQ_119,KI RA,3,2,"HT 103,HT7,ZA 8",3
CL_002,SEQ_1190,I RU JA,1,3,HT 7,1
CL_002,SEQ_1191,I TA JA,1,3,HT 28,1
CL_045,SEQ_1192,I [?] GRA,1,3,HT 96,1
CL_296,SEQ_1193,JA KI PA3[,1,3,PH 28,1
CL_110,SEQ_1194,JA KU TI,1,3,KN 1,1
CL_297,SEQ_1195,JA RE MI,1,3,HT 87,1
CL_298,SEQ_1196,JA SA MU,1,3,ZA 15,1
CL_299,SEQ_1197,JA TO JA[,1,3,ZA 4,1
CL_300,SEQ_1198,JU TE MI[,1,3,ZA 6,1
CL_301,SEQ_1199,KA I RO,1,3,ZA 8,1
CL_025,SEQ_120,KU PA,3,2,"HT 110,KH 29,ZA 11",3
CL_059,SEQ_1200,KA NU TI,1,3,HT 97,1
CL_082,SEQ_1201,KA PA QE,1,3,HT 6,1
CL_008,SEQ_1202,KA PO RU,1,3,HT 115,1
CL_060,SEQ_1203,KA RI I,1,3,HT 98,1
CL_111,SEQ_1204,KA RO NA,1,3,HT 11,1
CL_008,SEQ_1205,KA SA RU,1,3,HT 10,1
CL_302,SEQ_1206,KA TA RE[,1,3,KH 41,1
CL_303,SEQ_1207,KE KI RU,1,3,HT 94,1
CL_002,SEQ_1208,KI DA TA,1,3,HT 40,1
CL_304,SEQ_1209,KI DI NI,1,3,HT 93,1
CL_112,SEQ_121,KU RA,3,2,"ARKH 2,HT8,ZA 20",3
CL_305,SEQ_1210,KI MA RU[,1,3,HT 24,1
CL_306,SEQ_1211,KI MI RA2,1,3,HT 54,1
CL_307,SEQ_1212,KI NI MA,1,3,ZA 5,1
CL_009,SEQ_1213,KI RE ZA,1,3,ZA 1,1
CL_009,SEQ_1214,KI RI SI,1,3,TY 3,1
CL_113,SEQ_1215,KI TA I,1,3,HT 123 124,1
CL_308,SEQ_1216,KU KO E,1,3,KH 7,1
CL_026,SEQ_1217,KU MA JU,1,3,HT 20,1
CL_013,SEQ_1218,KU NI TE,1,3,KH 92,1
CL_025,SEQ_1219,KU PA JA,1,3,HT 116,1
CL_309,SEQ_122,OLE E,3,2,"HT 2,HT 21,HT 50",3
CL_025,SEQ_1220,KU PA RI,1,3,PE 1,1
CL_025,SEQ_1221,KU PA ZU,1,3,KH 5,1
CL_037,SEQ_1222,KU PA3 PA3,1,3,HT 88,1
CL_112,SEQ_1223,KU RA MU,1,3,HT 117,1
CL_013,SEQ_1224,KU RA2 NE,1,3,HT10,1
CL_013,SEQ_1225,KU RA2 SI,1,3,HT10,1
CL_013,SEQ_1226,KU RA2 TA,1,3,HT10,1
CL_013,SEQ_1227,KU RA2 TE,1,3,HT10,1
CL_026,SEQ_1228,KU RE JU,1,3,HT 117,1
CL_033,SEQ_1229,KU RU KU,1,3,HT 87,1
CL_310,SEQ_123,OLE NE,3,2,"HT 100,HT 23,HT 32",3
CL_033,SEQ_1230,KU RU MA,1,3,HT 115,1
CL_311,SEQ_1231,MA I MI,1,3,HT 89,1
CL_060,SEQ_1232,MA RI I,1,3,HT 6,1
CL_038,SEQ_1233,MA RU ME,1,3,HT 24,1
CL_038,SEQ_1234,MA RU RE,1,3,KH 43,1
CL_312,SEQ_1235,MA TE TI,1,3,PK 1,1
CL_313,SEQ_1236,ME KI DI,1,3,ZA 14,1
CL_114,SEQ_1237,MI NU MI,1,3,HT 47,1
CL_314,SEQ_1238,MI ZA SE,1,3,ZA 15,1
CL_002,SEQ_1239,NA DA RE,1,3,HT 117,1
CL_315,SEQ_124,OLE TU,3,2,"HT 23,HT 28,TY 3",3
CL_316,SEQ_1240,NA QIF NE[,1,3,HT 135,1
CL_115,SEQ_1241,NE MI NA,1,3,HT 135,1
CL_317,SEQ_1242,NU RA JA,1,3,HT 115,1
CL_318,SEQ_1243,O TE JA,1,3,PK 1,1
CL_028,SEQ_1244,OLE KI ME,1,3,TY 3,1
CL_028,SEQ_1245,OLE KI U,1,3,TY 3,1
CL_085,SEQ_1246,OLE QE DI,1,3,HT 121,1
CL_044,SEQ_1247,PA DA KU[,1,3,HT 127,1
CL_044,SEQ_1248,PA DA NI,1,3,KH 79 89,1
CL_044,SEQ_1249,PA DA RU,1,3,TY 2,1
CL_319,SEQ_125,QA I,3,2,"HT 122,HT 8,HT 85",3
CL_116,SEQ_1250,PA I KI[,1,3,HT 62 73,1
CL_019,SEQ_1251,PA NA TU,1,3,KH 7,1
CL_320,SEQ_1252,PA NU QE,1,3,ZA 14,1
CL_117,SEQ_1253,PA OLE MI[,1,3,TY 3,1
CL_018,SEQ_1254,PA RA NE,1,3,HT 115,1
CL_321,SEQ_1255,PA RO SU,1,3,HT 20,1
CL_017,SEQ_1256,PA SE JA,1,3,HT 93,1
CL_018,SEQ_1257,PA TA DA,1,3,PH 31,1
CL_018,SEQ_1258,PA TA DA[,1,3,PH 31,1
CL_061,SEQ_1259,PA3 NI NA[,1,3,HT 93,1
CL_009,SEQ_126,RE ZA,3,2,"HT 13,HT 88,KH 86",3
CL_322,SEQ_1260,PI KU ZU,1,3,TY 3,1
CL_002,SEQ_1261,PI TA JA,1,3,HT 6,1
CL_002,SEQ_1262,PI TA RA,1,3,HT 96,1
CL_323,SEQ_1263,PO DI PA3,1,3,KN 22,1
CL_324,SEQ_1264,PU MA KU[,1,3,HT 139,1
CL_118,SEQ_1265,QA NU MA,1,3,HT 116,1
CL_325,SEQ_1266,QA QA DA,1,3,PE 2,1
CL_326,SEQ_1267,QA QA ]RU,1,3,PH 31,1
CL_030,SEQ_1268,QA RA RE,1,3,HT 96,1
CL_327,SEQ_1269,QA RA2 WA,1,3,HT 86,1
CL_023,SEQ_127,TE GRA,3,2,"HT 14,HT 21,HT 40",3
CL_328,SEQ_1270,QA RE TO,1,3,HT 132,1
CL_062,SEQ_1271,QA TI JU,1,3,ZA 14,1
CL_062,SEQ_1272,QA TI KI,1,3,KH 7,1
CL_029,SEQ_1273,QE GRA PA,1,3,ZA 11,1
CL_026,SEQ_1274,QE KU RE,1,3,HT 20,1
CL_329,SEQ_1275,QE PI TA,1,3,HT 6,1
CL_119,SEQ_1276,QE RA2 JA[,1,3,HT 3,1
CL_119,SEQ_1277,QE RA2 U,1,3,HT 95,1
CL_063,SEQ_1278,QE SU PU,1,3,HT 87,1
CL_064,SEQ_1279,QE TU RA,1,3,HT7,1
CL_330,SEQ_128,TE VINA,3,2,"HT 19,HT 62 73,HT 9",3
CL_331,SEQ_1280,QIF JA DU,1,3,HT 84,1
CL_120,SEQ_1281,RA MA SI,1,3,ZA 11,1
CL_332,SEQ_1282,RA RI DE[,1,3,HT 113,1
CL_333,SEQ_1283,RA TI SE,1,3,HT 6,1
CL_334,SEQ_1284,RA2 RO RE,1,3,ZA 10,1
CL_335,SEQ_1285,RE DI SE,1,3,HT 85,1
CL_336,SEQ_1286,RI KA TA,1,3,HT 146,1
CL_337,SEQ_1287,RI MI SI,1,3,HT 119,1
CL_033,SEQ_1288,RI RU MA,1,3,HT 118,1
CL_338,SEQ_1289,RI TA JE,1,3,KH 6,1
CL_121,SEQ_129,A324 AB07 AB60,3,3,"HT 122A,HT 9A,HT 9B",3
CL_339,SEQ_1290,RO SI RA[,1,3,ZA 9,1
CL_340,SEQ_1291,RU I KO,1,3,HT 24,1
CL_122,SEQ_1292,RU PI[ MI,1,3,PE 2,1
CL_341,SEQ_1293,RU ZU NA,1,3,HT 11,1
CL_014,SEQ_1294,SA JA MA,1,3,HT 31,1
CL_014,SEQ_1295,SA MA RO,1,3,HT 88,1
CL_342,SEQ_1296,SA MU KU,1,3,HT 34,1
CL_123,SEQ_1297,SA QE RI,1,3,HT 11,1
CL_343,SEQ_1298,SA RA RA,1,3,HT 30,1
CL_026,SEQ_1299,SA RE JU,1,3,HT 20,1
CL_001,SEQ_130,AB01 AB78 AB60,3,3,"HT 120,HT 57A,HT 6A",3
CL_014,SEQ_1300,SA RO QE[,1,3,HT 62 73,1
CL_344,SEQ_1301,SA SA ME,1,3,HT 23,1
CL_034,SEQ_1302,SE KU TU,1,3,HT 115,1
CL_345,SEQ_1303,SE SA PA3,1,3,PH 2,1
CL_002,SEQ_1304,SI AU RE,1,3,PH 31,1
CL_002,SEQ_1305,SI DA RO,1,3,GO 2,1
CL_002,SEQ_1306,SI DA TE,1,3,ARKH 2,1
CL_346,SEQ_1307,SI DI JA,1,3,HT 126,1
CL_347,SEQ_1308,SI I SI,1,3,KH 51,1
CL_024,SEQ_1309,SI KI NE,1,3,HT 116,1
CL_005,SEQ_131,AB03 AB09 AB57,3,3,"HT 93A,HT WC 3001,HT WC 3002",3
CL_024,SEQ_1310,SI KI RA,1,3,HT 8,1
CL_065,SEQ_1311,SI ME KI,1,3,HT 24,1
CL_002,SEQ_1312,SI MI TA,1,3,HT 96,1
CL_348,SEQ_1313,SI NE TI,1,3,PK 1,1
CL_002,SEQ_1314,SI SE FIC,1,3,HT 99,1
CL_002,SEQ_1315,SI SE TE,1,3,HT 42 59,1
CL_066,SEQ_1316,SI TE TU,1,3,ZA 20,1
CL_349,SEQ_1317,SI[ ]I [?],1,3,HT 34,1
CL_045,SEQ_1318,SUS I [?],1,3,HT 118,1
CL_350,SEQ_1319,SUS SI RE,1,3,PH 31,1
CL_010,SEQ_132,AB08 AB77 AB26,3,3,"HT 2,HT 86A,HT 86B",3
CL_351,SEQ_1320,TA MA PI,1,3,ZA 21,1
CL_002,SEQ_1321,TA NA TE,1,3,ZA 10,1
CL_022,SEQ_1322,TA RI NA,1,3,HT 10,1
CL_002,SEQ_1323,TA2 TA RE,1,3,PK 1,1
CL_352,SEQ_1324,TA2 TI TE,1,3,PK 1,1
CL_023,SEQ_1325,TE GRA DA,1,3,HT 133,1
CL_023,SEQ_1326,TE GRA F,1,3,HT 44,1
CL_047,SEQ_1327,TE JA RE,1,3,HT 117,1
CL_353,SEQ_1328,TE NU RE[,1,3,KH 6,1
CL_124,SEQ_1329,TE RI HT,1,3,PH 31,1
CL_354,SEQ_133,AB16 AB16 AB26,3,3,"HT 118,HT 122B,HT 93A",3
CL_002,SEQ_1330,TI DA TA,1,3,HT 123 124,1
CL_355,SEQ_1331,TI DU NI,1,3,HT 49,1
CL_002,SEQ_1332,TI NI TA,1,3,HT 27,1
CL_125,SEQ_1333,TI RU SI,1,3,HT7,1
CL_356,SEQ_1334,TI TI KU,1,3,HT 35,1
CL_357,SEQ_1335,TU ME SE,1,3,ZA 4,1
CL_358,SEQ_1336,TU QE NU[,1,3,HT 25,1
CL_125,SEQ_1337,TU RU SI,1,3,HT7,1
CL_067,SEQ_1338,TU SU PU2,1,3,HT 49,1
CL_359,SEQ_1339,U DI MI,1,3,HT 117,1
CL_043,SEQ_134,AB21F AB69 AB24,3,3,"HT 117B,HT 7B,HT 87",3
CL_360,SEQ_1340,U NA NA,1,3,MA 2,1
CL_361,SEQ_1341,U NU QIF,1,3,HT 26,1
CL_362,SEQ_1342,U RE WI,1,3,HT 25,1
CL_363,SEQ_1343,U TA RO,1,3,HT 116,1
CL_068,SEQ_1344,VINA GRA SA,1,3,HT 27,1
CL_068,SEQ_1345,VINA WA SA,1,3,HT 27,1
CL_086,SEQ_1346,VIR KA VINA,1,3,HT 28,1
CL_126,SEQ_1347,WA JA PI,1,3,HT 9,1
CL_022,SEQ_1348,WI DI NA,1,3,HT 28,1
CL_127,SEQ_1349,WI NA DU,1,3,KH 5,1
CL_364,SEQ_135,AB59 AB28 AB123,3,3,"HT 39,HT 9A,HT 9B",3
CL_365,SEQ_1350,ZA SI ZU,1,3,ARKH 4,1
CL_366,SEQ_1351,ZU 22F DI,1,3,HT 101,1
CL_367,SEQ_1352,ZU JU PU2,1,3,HT 25,1
CL_001,SEQ_1353,[?] A320 [?],1,3,PH 16B,1
CL_128,SEQ_1354,[?] AB01 AB28,1,3,KH 13,1
CL_129,SEQ_1355,[?] AB03 AB01,1,3,KH 79,1
CL_001,SEQ_1356,[?] AB08 AB53,1,3,HT 141,1
CL_001,SEQ_1357,[?] AB08 [?],1,3,PH 31A,1
CL_130,SEQ_1358,[?] AB118 AB77,1,3,HT 140,1
CL_021,SEQ_1359,[?] AB27 AB37,1,3,MA 2B,1
CL_102,SEQ_136,AB73 AB55 AB04,3,3,"HT 86A,HT 95A,HT 95B",3
CL_006,SEQ_1360,[?] AB30 AB59,1,3,ARKH 4A,1
CL_069,SEQ_1361,[?] AB31 AB50,1,3,KN 32B,1
CL_069,SEQ_1362,[?] AB31 AB60,1,3,HT 62 73,1
CL_001,SEQ_1363,[?] AB37 AB31,1,3,HT 31,1
CL_001,SEQ_1364,[?] AB37 AB53,1,3,PH 30,1
CL_070,SEQ_1365,[?] AB40 AB51,1,3,HT 5,1
CL_070,SEQ_1366,[?] AB40 AB57,1,3,PH 18A,1
CL_021,SEQ_1367,[?] AB55 AB37,1,3,ZA 9,1
CL_001,SEQ_1368,[?] AB57 AB31,1,3,PH 16B,1
CL_001,SEQ_1369,[?] AB57 AB39,1,3,ARKH 3B,1
CL_005,SEQ_137,AB77 AB81 AB03,3,3,"HT 16,HT WC 3015A,HT WC 3016A",3
CL_001,SEQ_1370,[?] AB57 AB58,1,3,KN 32B,1
CL_001,SEQ_1371,[?] AB57 [?],1,3,KH 90,1
CL_001,SEQ_1372,[?] AB58 AB03,1,3,ZA 13,1
CL_070,SEQ_1373,[?] AB76 AB51,1,3,HT 49A,1
CL_004,SEQ_1374,[?] AB80 AB65,1,3,ZA 9,1
CL_001,SEQ_1375,[?] [?] AB08,1,3,KH 73,1
CL_001,SEQ_1376,[?] [?] [?],1,3,PH WC 45,1
CL_008,SEQ_1377,[[A KA RU,1,3,HT 86,1
CL_013,SEQ_1378,[[KU NI SU,1,3,HT 86,1
CL_071,SEQ_1379,]*309B RI JU,1,3,TY 2,1
CL_029,SEQ_138,I GRA PA,3,3,"HT 120,HT 43,HT 93",3
CL_131,SEQ_1380,]A SU MI,1,3,ARKH 1,1
CL_011,SEQ_1381,]DI JA I,1,3,HT 29,1
CL_368,SEQ_1382,]DI PA JA[,1,3,PH 7,1
CL_369,SEQ_1383,]DU NE MI,1,3,HT 127,1
CL_370,SEQ_1384,]E KU RU,1,3,ZA 11,1
CL_371,SEQ_1385,]JA[ ]DI ]WI[,1,3,KN ZB 35,1
CL_372,SEQ_1386,]KI SA NE,1,3,KH 6,1
CL_014,SEQ_1387,]KU MA RO,1,3,HT 96,1
CL_373,SEQ_1388,]KU ME TA,1,3,HT 51,1
CL_037,SEQ_1389,]KU PA3 NU,1,3,HT 3,1
CL_013,SEQ_139,KU NI SU,3,3,"HT 10,HT 86,HT 95",3
CL_026,SEQ_1390,]KU RE JU,1,3,HT 39,1
CL_374,SEQ_1391,]KU ZU NA[,1,3,HT 64,1
CL_375,SEQ_1392,]MA TE RE,1,3,PH 15,1
CL_376,SEQ_1393,]PA RI DE,1,3,KH 99,1
CL_377,SEQ_1394,]RA NA RE[,1,3,HT 47,1
CL_378,SEQ_1395,]RE A JA,1,3,KH 97,1
CL_379,SEQ_1396,]RI SU MA,1,3,HT 81,1
CL_380,SEQ_1397,]SA MA TI,1,3,HT 39,1
CL_132,SEQ_1398,]SA RA DI,1,3,HT 27,1
CL_023,SEQ_1399,]SE GRA F,1,3,KH 28,1
CL_114,SEQ_140,MI NU TE,3,3,"HT 106,HT 86,HT 95",3
CL_381,SEQ_1400,]SU JU TA,1,3,KN 22,1
CL_025,SEQ_1401,]TU PA RI,1,3,HT 79 83,1
CL_029,SEQ_1402,]VIR GRA PA,1,3,HT 102,1
CL_071,SEQ_1403,*309A RI WA JU,1,4,TY 2,1
CL_382,SEQ_1404,*402VAS PA TA QE,1,4,HT 31,1
CL_383,SEQ_1405,*402VAS SU PA3 RA,1,4,HT 31,1
CL_384,SEQ_1406,*416VAS KA RO PA3,1,4,HT 31,1
CL_385,SEQ_1407,?? RE I KE,1,4,PS ZA 2,1
CL_386,SEQ_1408,A DA QIF RI,1,4,KH 92,1
CL_387,SEQ_1409,A KU JU PA,1,4,PA 1,1
CL_018,SEQ_141,PA TA NE,3,3,"HT 122,HT 94,PH 31",3
CL_133,SEQ_1410,A KU MI NA,1,4,ZA 10,1
CL_134,SEQ_1411,A MI DA O,1,4,PH 31,1
CL_134,SEQ_1412,A MI DA U,1,4,ZA 10,1
CL_018,SEQ_1413,A PA RA NE,1,4,HT 96,1
CL_388,SEQ_1414,A PU2 NA DU,1,4,HT 14,1
CL_034,SEQ_1415,A RA A TU,1,4,HT 87,1
CL_389,SEQ_1416,A RA NA RE,1,4,HT 1,1
CL_390,SEQ_1417,A RE DA I,1,4,HT 29,1
CL_391,SEQ_1418,A RE TU MI[,1,4,ZA 7,1
CL_008,SEQ_1419,A RU DA RA,1,4,HT 28,1
CL_065,SEQ_142,SI PI KI,3,3,"ZA 15,ZA 4,ZA 5",3
CL_392,SEQ_1420,A SE TU QIF,1,4,PH 2,1
CL_393,SEQ_1421,A SI JA KA,1,4,HT 28,1
CL_024,SEQ_1422,A SI KI RA,1,4,KH 20,1
CL_394,SEQ_1423,A SU PU WA,1,4,ARKH 2,1
CL_002,SEQ_1424,A TA NA TE,1,4,ZA 10,1
CL_395,SEQ_1425,A TELA3 B E,1,4,HT WC 3019,1
CL_396,SEQ_1426,A TO TO I,1,4,KH 11,1
CL_397,SEQ_1427,A309A? [?] AB01 AB50,1,4,TY 2,1
CL_398,SEQ_1428,A309B AB53? AB65? [?],1,4,TY 2,1
CL_399,SEQ_1429,A309B [?] AB67 AB50,1,4,TY 2,1
CL_400,SEQ_143,AB28B AB55 AB80 AB27,3,4,"ZA 15A,ZA 4A,ZA 5B",3
CL_401,SEQ_1430,A309C AB53? AB77 AB26,1,4,TY 2,1
CL_135,SEQ_1431,A333 AB07 AB58 AB77,1,4,HT WC 3009A,1
CL_402,SEQ_1432,A364 AB44 AB80 AB09,1,4,ZA 15A,1
CL_403,SEQ_1433,A629 AB01 AB47 AB81,1,4,HT 127A,1
CL_404,SEQ_1434,AB01 AB24 AB81 AB37,1,4,HT 117A,1
CL_405,SEQ_1435,AB01 AB26 AB24 AB04,1,4,HT 98B,1
CL_406,SEQ_1436,AB01 AB51 AB80 AB59,1,4,HT 95A,1
CL_072,SEQ_1437,AB01 AB81 AB09 AB24,1,4,HT 103,1
CL_407,SEQ_1438,AB03 AB01 AB58 AB37,1,4,HT 104,1
CL_408,SEQ_1439,AB03 AB31 AB53 AB57,1,4,HT 24A,1
CL_016,SEQ_144,AB51 AB27 AB17 AB09,3,4,"ZA 10A,ZA 10B,ZA 20",3
CL_409,SEQ_1440,AB04 AB40 AB22 AB59,1,4,HT13,1
CL_410,SEQ_1441,AB04 AB69 AB22 AB67,1,4,ZA10,1
CL_411,SEQ_1442,AB06 AB37 AB80 AB07,1,4,HT 97A,1
CL_412,SEQ_1443,AB07 AB07 AB17 AB44,1,4,HT 1,1
CL_136,SEQ_1444,AB07 AB27 AB07 AB06,1,4,HT 98A,1
CL_136,SEQ_1445,AB07 AB60 AB07 AB06,1,4,PH 1A,1
CL_413,SEQ_1446,AB08 AB01 AB21F AB53,1,4,KH 92,1
CL_414,SEQ_1447,AB08 AB09 AB27 AB17,1,4,KH 13,1
CL_415,SEQ_1448,AB08 AB09 AB57 A718,1,4,HT 115A,1
CL_416,SEQ_1449,AB08 AB09 AB69 AB21F,1,4,PH 2,1
CL_417,SEQ_145,AB54 AB67 AB22 AB03,3,4,"HT13,HT31,HT95",3
CL_137,SEQ_1450,AB08 AB26 AB01 AB60,1,4,HT 28A,1
CL_137,SEQ_1451,AB08 AB26 AB60 [?],1,4,HT 11A,1
CL_418,SEQ_1452,AB08 AB26 AB81 AB02,1,4,HT 9A,1
CL_419,SEQ_1453,AB08 AB27 AB01 AB28,1,4,HT 29,1
CL_420,SEQ_1454,AB08 AB27 AB69 AB73,1,4,ZA 7A,1
CL_073,SEQ_1455,AB08 AB28 [?] [?],1,4,HT 115B,1
CL_421,SEQ_1456,AB08 AB29 AB06 AB51,1,4,HT 14,1
CL_422,SEQ_1457,AB08 AB31 AB01 AB77,1,4,MA WC 5A,1
CL_015,SEQ_1458,AB08 AB41 AB67 AB60,1,4,KH 20,1
CL_423,SEQ_1459,AB08 AB51 AB70 AB73,1,4,ZA WC 2,1
CL_424,SEQ_146,IB NU MA RE,3,4,"ZA 15,ZA 4,ZA 5",3
CL_073,SEQ_1460,AB08 AB51 [?] AB17,1,4,KH 11,1
CL_073,SEQ_1461,AB08 AB51 [?] [?],1,4,TY 3A,1
CL_425,SEQ_1462,AB08 AB58 AB50 AB54,1,4,ARKH 2,1
CL_426,SEQ_1463,AB08 AB58 AB73 AB118,1,4,ARKH 1A,1
CL_001,SEQ_1464,AB08 AB59 AB06 AB04,1,4,ZA 10A,1
CL_001,SEQ_1465,AB08 AB59 AB06 [?],1,4,ZA 9,1
CL_097,SEQ_1466,AB08 AB60 AB06 AB27,1,4,HT 1,1
CL_427,SEQ_1467,AB08 AB60 AB10 AB01,1,4,KH 5,1
CL_138,SEQ_1468,AB08 AB73 AB01 AB10,1,4,ZA 10A,1
CL_138,SEQ_1469,AB08 AB73 AB01 AB61,1,4,PH 31B,1
CL_139,SEQ_147,KI RE TA NA,3,4,"HT 108,HT 120,HT 8",3
CL_001,SEQ_1470,AB08 AB77 AB59 [?],1,4,KN 32A,1
CL_428,SEQ_1471,AB08 AB81 AB69 A361,1,4,TY 3A,1
CL_003,SEQ_1472,AB08 AB81 AB73 AB06,1,4,ZA 10A,1
CL_429,SEQ_1473,AB08 [?] [?] AB65,1,4,ARKH 4A,1
CL_430,SEQ_1474,AB10 AB07 AB53 AB67,1,4,PH 7A,1
CL_140,SEQ_1475,AB10 AB59 AB28 AB09,1,4,KH 7B,1
CL_140,SEQ_1476,AB10 AB59 AB28 AB41,1,4,KH 16,1
CL_431,SEQ_1477,AB16 AB118 AB60 AB27,1,4,HT 96B,1
CL_432,SEQ_1478,AB16 AB37 AB01 AB04,1,4,HT 12,1
CL_433,SEQ_1479,AB21F AB53 AB69 AB16,1,4,HT 23A,1
CL_434,SEQ_148,*408VAS,2,1,"KH WC 2103,KH WC 2122",2
CL_435,SEQ_1480,AB26 AB57 AB59 AB07,1,4,HT WC 3008B,1
CL_012,SEQ_1481,AB26 AB80 AB59 AB09,1,4,ZA 20,1
CL_436,SEQ_1482,AB27 AB17 AB22 AB40,1,4,ZA10,1
CL_437,SEQ_1483,AB28 AB03 AB31 AB57,1,4,KH 10,1
CL_438,SEQ_1484,AB28 AB37 AB30 AB31,1,4,ZA 15A,1
CL_439,SEQ_1485,AB28 AB51 AB24 AB41,1,4,HT 13,1
CL_440,SEQ_1486,AB28 AB57 AB03 AB13,1,4,KH 7A,1
CL_441,SEQ_1487,AB28 AB67 AB22 AB54,1,4,HT31,1
CL_442,SEQ_1488,AB28 AB73 AB31 AB60,1,4,HT 27A,1
CL_443,SEQ_1489,AB28 AB81 AB53 AB06,1,4,HT 90,1
CL_444,SEQ_149,*417VAS,2,1,"KH WC 2006,KH WC 2007",2
CL_042,SEQ_1490,AB31 AB73 AB01 AB38,1,4,ZA 5A,1
CL_445,SEQ_1491,AB34 AB65 AB04 AB73,1,4,ZA 6A,1
CL_446,SEQ_1492,AB39 AB26 AB38 AB65,1,4,PH 2,1
CL_447,SEQ_1493,AB39 AB59 AB44 AB41,1,4,HT 87,1
CL_448,SEQ_1494,AB39 AB59 AB77 AB09,1,4,HT 21,1
CL_449,SEQ_1495,AB40 AB31 AB31 AB24,1,4,KH 5,1
CL_450,SEQ_1496,AB41 AB69 AB76 AB27,1,4,HT 3,1
CL_451,SEQ_1497,AB47 AB55 AB60 AB56,1,4,HT 115A,1
CL_452,SEQ_1498,AB50 AB30 AB77 A363,1,4,ZA 14,1
CL_453,SEQ_1499,AB51 AB24 AB22 AB09,1,4,HT13,1
CL_454,SEQ_150,A411B,2,1,"KH WC 2008,KH WC 2009",2
CL_455,SEQ_1500,AB51 AB39 AB04 AB54,1,4,MA 10B,1
CL_456,SEQ_1501,AB51 AB45 AB22 AB59,1,4,HT31,1
CL_457,SEQ_1502,AB51 AB80 AB28 AB06,1,4,HT 123B,1
CL_012,SEQ_1503,AB53 AB26 AB80 AB37,1,4,PH 31B,1
CL_458,SEQ_1504,AB54 AB28 AB22 AB09,1,4,HT31,1
CL_459,SEQ_1505,AB54 AB57 AB39 [?],1,4,HT 9B,1
CL_460,SEQ_1506,AB54 AB69 AB80 AB27,1,4,HT 128A,1
CL_461,SEQ_1507,AB56 AB77 AB60 AB37,1,4,HT 8A,1
CL_462,SEQ_1508,AB57 AB26 AB80 AB24,1,4,PH 7A,1
CL_463,SEQ_1509,AB57 AB28 AB48 AB17,1,4,SY ZA 4,1
CL_464,SEQ_151,AB28?,2,1,"HT 79 83,KH 97B",2
CL_465,SEQ_1510,AB57 AB41 AB01 AB60,1,4,PH 7A,1
CL_466,SEQ_1511,AB57 AB51 AB60 AB37,1,4,KN 1B,1
CL_467,SEQ_1512,AB57 AB67 AB56 [?],1,4,PH 28A,1
CL_468,SEQ_1513,AB57 AB73 AB01 AB27,1,4,HT 122A,1
CL_469,SEQ_1514,AB57 AB80 AB10 AB37,1,4,MA 2C,1
CL_470,SEQ_1515,AB58 AB67 AB60 AB59,1,4,PH WA 32,1
CL_471,SEQ_1516,AB59 AB39 AB41 AB07,1,4,HT 4,1
CL_472,SEQ_1517,AB60 AB61 AB07 AB67,1,4,PH 2,1
CL_473,SEQ_1518,AB61 AB76 AB07 AB24,1,4,HT 6A,1
CL_474,SEQ_1519,AB67 AB67 AB60 AB57,1,4,HT 85B,1
CL_475,SEQ_152,AB39,2,1,"HT 126A,HT 47A",2
CL_476,SEQ_1520,AB69 AB02 AB07 AB01,1,4,HT 123B,1
CL_477,SEQ_1521,AB69 AB13 AB03 AB57,1,4,HT 154A,1
CL_478,SEQ_1522,AB69 AB21F AB53 AB06,1,4,HT 129,1
CL_479,SEQ_1523,AB70 AB08 AB51 AB54,1,4,TY 3A,1
CL_480,SEQ_1524,AB70 AB31 AB28 AB37,1,4,HT 117A,1
CL_481,SEQ_1525,AB73 AB67 AB09 AB06,1,4,HT 26A,1
CL_055,SEQ_1526,AB73 AB67 AB31 AB24,1,4,ARKH 1A,1
CL_482,SEQ_1527,AB77 AB06 AB30 AB37,1,4,KH WC 2005,1
CL_483,SEQ_1528,AB77 AB10 AB45 AB59,1,4,HT 13,1
CL_484,SEQ_1529,AB77 AB10 AB79 AB30,1,4,HT 26B,1
CL_485,SEQ_153,AB40,2,1,"KH 37,KN ZB 35",2
CL_486,SEQ_1530,AB77 AB51 AB80 AB24,1,4,HT 29,1
CL_487,SEQ_1531,AB77 AB53 A310 AB28,1,4,HT 98A,1
CL_488,SEQ_1532,AB77 AB81 AB24 AB04,1,4,ZA 10B,1
CL_489,SEQ_1533,AB78 AB37 AB60 AB51,1,4,HT 58,1
CL_141,SEQ_1534,AB80 AB37 AB37 A319,1,4,HT ZD 157,1
CL_490,SEQ_1535,AB80 AB59 AB53 AB59,1,4,KH 90,1
CL_491,SEQ_1536,AB80 AB67 AB45 AB04,1,4,ZA 10B,1
CL_142,SEQ_1537,AB80 AB77 AB28 AB09,1,4,ZA 8,1
CL_142,SEQ_1538,AB80 AB77 AB28 AB59,1,4,ZA 5B,1
CL_087,SEQ_1539,AB81 AB02 AB22 AB28,1,4,HT31,1
CL_492,SEQ_154,AB46,2,1,"KH 1,KH 50",2
CL_493,SEQ_1540,AB81 AB56 AB53 AB57,1,4,HT 24A,1
CL_494,SEQ_1541,AB81 AB69 AB70 AB27,1,4,ZA 8,1
CL_003,SEQ_1542,AB81 AB73 AB06 AB78,1,4,HT 54A,1
CL_495,SEQ_1543,AB81 AB81 AB01 AB60,1,4,HT 117A,1
CL_496,SEQ_1544,AB81 [?] AB70 AB38,1,4,KH 7A,1
CL_497,SEQ_1545,B RA PU3 RA,1,4,HT WC 3006,1
CL_498,SEQ_1546,DA DU MA TA,1,4,HT 95,1
CL_074,SEQ_1547,DA KU SE NE,1,4,HT 103,1
CL_074,SEQ_1548,DA KU SE NE[,1,4,HT 103,1
CL_499,SEQ_1549,DA NE KU TI,1,4,HT 117,1
CL_500,SEQ_155,AB50,2,1,"HT 23B,MI 2",2
CL_501,SEQ_1550,DA RU NE TE,1,4,HT 98,1
CL_502,SEQ_1551,DI DI ZA KE,1,4,HT 1,1
CL_503,SEQ_1552,DI RE DI NA,1,4,HT 98,1
CL_504,SEQ_1553,DU MA I NA,1,4,HT 123 124,1
CL_505,SEQ_1554,DU PI TE WA,1,4,MA 10,1
CL_009,SEQ_1555,DU RE ZA SE,1,4,ZA 10,1
CL_506,SEQ_1556,FIC KI KI NA,1,4,HT 88,1
CL_507,SEQ_1557,GRA PA3 RE SE,1,4,HT 93,1
CL_508,SEQ_1558,I DU NE SI,1,4,HT 13,1
CL_509,SEQ_1559,I KU RI NA,1,4,HT 90,1
CL_510,SEQ_156,AB56,2,1,"ARKH 1B,HT 101",2
CL_511,SEQ_1560,I TI NI SA,1,4,ZA 15,1
CL_512,SEQ_1561,IMPRESSION DISC NO PAPYRUS,1,4,KN WC 26,1
CL_513,SEQ_1562,IMPRESSION MOTIF NOT PRESERVED,1,4,KN WC 42,1
CL_514,SEQ_1563,JA DU RA TI,1,4,KN 1,1
CL_515,SEQ_1564,JA MI DA RE,1,4,HT 122,1
CL_516,SEQ_1565,KA DU MA NE,1,4,HT 29,1
CL_517,SEQ_1566,KA KU NE TE,1,4,ZA 10,1
CL_518,SEQ_1567,KA U DE TA,1,4,HT 13,1
CL_519,SEQ_1568,KA U ZU NI,1,4,HT 26,1
CL_520,SEQ_1569,KI DE MA NA,1,4,HT 31,1
CL_521,SEQ_157,AB57,2,1,"KN ZB 35,PH 1A",2
CL_522,SEQ_1570,KI KI RA JA,1,4,HT 85,1
CL_523,SEQ_1571,KO SA I TI,1,4,HT 117,1
CL_524,SEQ_1572,KU KU DA RA,1,4,HT 117,1
CL_525,SEQ_1573,KU PA3 RI JA,1,4,HT 24,1
CL_526,SEQ_1574,KU TU KO RE,1,4,ZA 8,1
CL_143,SEQ_1575,MA KA I SE,1,4,ZA 8,1
CL_527,SEQ_1576,MA KI DE TE,1,4,ZA 10,1
CL_528,SEQ_1577,MA TA RI TA,1,4,KH 90,1
CL_529,SEQ_1578,MI KI SE NA,1,4,HT 26,1
CL_530,SEQ_1579,O RA2 DI NE,1,4,HT 6,1
CL_531,SEQ_158,AB57?,2,1,"HT 44B,ZA 32",2
CL_002,SEQ_1580,OVISM SI AU RE,1,4,PH 31,1
CL_002,SEQ_1581,OVISM SI AU[ RE,1,4,PH 31,1
CL_532,SEQ_1582,PA DA SU TI,1,4,HT 104,1
CL_533,SEQ_1583,PA SA RI JA,1,4,HT 24,1
CL_534,SEQ_1584,PA3 KA RA TI,1,4,HT 8,1
CL_535,SEQ_1585,PI RU E JU,1,4,PH 2,1
CL_536,SEQ_1586,PI TA KA SE,1,4,HT 21,1
CL_537,SEQ_1587,PI TA KE SI,1,4,HT 87,1
CL_538,SEQ_1588,PI TI NE A,1,4,ARKH 4,1
CL_539,SEQ_1589,PU NI KA SO,1,4,ZA 14,1
CL_540,SEQ_159,AB61,2,1,"HT 144,KH WC 2035",2
CL_118,SEQ_1590,QA NU MA QIF,1,4,KH 88,1
CL_541,SEQ_1591,QA TI DA TE,1,4,HT 12,1
CL_030,SEQ_1592,QA [?] PU RE,1,4,HT 12,1
CL_542,SEQ_1593,QE DE MI NU,1,4,MA 1,1
CL_543,SEQ_1594,QE TI RA DU,1,4,HT 58,1
CL_544,SEQ_1595,QIF RI TU QA,1,4,HT 23,1
CL_545,SEQ_1596,RA DE ME TE,1,4,HT 94,1
CL_546,SEQ_1597,RA NA TU SU,1,4,PK 1,1
CL_547,SEQ_1598,RA O DI KI,1,4,PH 2,1
CL_033,SEQ_1599,RI RU MA HT,1,4,PH 31,1
CL_548,SEQ_160,OVISF[,2,1,"HT 112,HT 126",2
CL_033,SEQ_1600,RI RU MA TI,1,4,PH 31,1
CL_144,SEQ_1601,RU MA TA SE,1,4,ZA 20,1
CL_145,SEQ_1602,SA MI DA E,1,4,ZA 15,1
CL_145,SEQ_1603,SA MI DA E[,1,4,ZA 5,1
CL_549,SEQ_1604,SI DU KU MI,1,4,HT 110,1
CL_550,SEQ_1605,SI JA DA SU[,1,4,KH 74,1
CL_551,SEQ_1606,SI TE DI DI,1,4,ZA 26,1
CL_552,SEQ_1607,SO KE MA SE,1,4,ZA 15,1
CL_553,SEQ_1608,TE ME DA I[,1,4,THE TABLET 5,1
CL_554,SEQ_1609,TI SA PU KO,1,4,HT 31,1
CL_555,SEQ_161,OVISM,2,1,"PH 31,ZA 22",2
CL_556,SEQ_1610,TU ME PA JA,1,4,HT 154A,1
CL_557,SEQ_1611,TU PA DI DA,1,4,HT 123 124,1
CL_558,SEQ_1612,TU QIF RI NA,1,4,HT 129,1
CL_559,SEQ_1613,U SI SI NI,1,4,HT 140,1
CL_560,SEQ_1614,U TA I SE,1,4,KH 7,1
CL_561,SEQ_1615,WA TU MA RE,1,4,HT 128,1
CL_562,SEQ_1616,WI SA SA NE,1,4,KH 5,1
CL_563,SEQ_1617,X I DU WI,1,4,MA 1,1
CL_564,SEQ_1618,ZU SE DE QIF,1,4,ARKH 2,1
CL_565,SEQ_1619,[?] A358 AB30 [?],1,4,PH 16A,1
CL_566,SEQ_162,TELA,2,1,"KH WC 2124,ZA ZB 34",2
CL_129,SEQ_1620,[?] AB03 AB01 AB30,1,4,KH 79 89,1
CL_567,SEQ_1621,[?] AB34? AB59 AB24,1,4,HT 135B,1
CL_568,SEQ_1622,[?] AB50 AB80 AB81,1,4,HT 139,1
CL_569,SEQ_1623,[?] AB51 AB53 AB04,1,4,HT 4,1
CL_570,SEQ_1624,[?] AB76 AB37 AB65,1,4,HT 108,1
CL_571,SEQ_1625,]A SE RE ZA[,1,4,KH 13,1
CL_572,SEQ_1626,]DI RA DI NA,1,4,PH 1,1
CL_009,SEQ_1627,]DU RE ZA SE,1,4,ZA 20,1
CL_573,SEQ_1628,]I MI SA RA,1,4,HT 27,1
CL_574,SEQ_1629,]JA MA U TI,1,4,MA 2,1
CL_575,SEQ_163,]FIC[,2,1,"KH 27,KH 65",2
CL_576,SEQ_1630,]JA RU MA NE[,1,4,PH 7,1
CL_577,SEQ_1631,]JA SI DA RA,1,4,PH 7,1
CL_011,SEQ_1632,]KA MI JA RU,1,4,KH 36,1
CL_139,SEQ_1633,]KI RE TA NA,1,4,HT 2,1
CL_578,SEQ_1634,]KO A DU WA,1,4,TY 3,1
CL_579,SEQ_1635,]KU MI NA QE[,1,4,HT 54,1
CL_580,SEQ_1636,]MI KI SA NE[,1,4,ARKH 1,1
CL_581,SEQ_1637,]PA TA A RA,1,4,KH 79 89,1
CL_018,SEQ_1638,]RU PA RA NE,1,4,HT 115,1
CL_582,SEQ_1639,]SI TU RA2 RE,1,4,HT 3,1
CL_583,SEQ_164,]GRA[,2,1,"HT 154A,HT 50",2
CL_584,SEQ_1640,]TA PI SI DI,1,4,HT 4,1
CL_585,SEQ_1641,]U DI RI KI[,1,4,PH 7,1
CL_586,SEQ_1642,]U TA I SI,1,4,KH 16,1
CL_587,SEQ_1643,3RD UNIT WINE TO EACH,1,5,HT 89,1
CL_133,SEQ_1644,A DU KU MI NA,1,5,ZA 10,1
CL_588,SEQ_1645,A DU NI TA NA,1,5,ARKH 5,1
CL_589,SEQ_1646,A KI PI E TE,1,5,KH 10,1
CL_590,SEQ_1647,A SI DA TO I,1,5,ARKH 2,1
CL_591,SEQ_1648,A SI SU PO A,1,5,KH 9,1
CL_592,SEQ_1649,A309B AB53? [?] AB54 AB65?,1,5,TY 2,1
CL_593,SEQ_165,]OVISF,2,1,"HT 136,ZA 26",2
CL_594,SEQ_1650,A309B [?] AB34? AB50 AB39,1,5,TY 2,1
CL_595,SEQ_1651,A309C AB53? AB01 [?] AB65?,1,5,TY 2,1
CL_135,SEQ_1652,A333 AB07 AB06 AB58 AB77,1,5,HT WC 3010,1
CL_072,SEQ_1653,AB01 AB81 AB09 AB24 AB37,1,5,HT 104,1
CL_003,SEQ_1654,AB06 AB21F AB24 AB73 AB06,1,5,HT 115A,1
CL_596,SEQ_1655,AB08 AB01 AB67 AB41 AB77,1,5,KH 5,1
CL_597,SEQ_1656,AB08 AB05 A349 AB05 AB28,1,5,KH 11,1
CL_598,SEQ_1657,AB08 AB41 AB01 AB05 AB28,1,5,ARKH 2,1
CL_599,SEQ_1658,AB08 AB41 AB58 AB11 AB08,1,5,KH 9,1
CL_600,SEQ_1659,AB08 AB51 AB30 AB59 AB06,1,5,ARKH 5,1
CL_601,SEQ_166,]VINA,2,1,"ARKH 3,HT 98",2
CL_003,SEQ_1660,AB08 AB51 AB81 AB73 AB06,1,5,ZA 10A,1
CL_027,SEQ_1661,AB08 AB60 [?] AB08 AB69,1,5,HT 87,1
CL_602,SEQ_1662,AB08 AB67 AB39 AB38 AB04,1,5,KH 10,1
CL_603,SEQ_1663,AB08 AB69 AB53 AB41 AB37,1,5,KN ZB 5,1
CL_604,SEQ_1664,AB08 AB77 AB55 AB74 AB37,1,5,KN ZC 7,1
CL_605,SEQ_1665,AB08 AB81 AB65 AB03 AB118,1,5,PA 1,1
CL_606,SEQ_1666,AB16 AB81 AB27 AB06 A306,1,5,HT WC 3017A,1
CL_607,SEQ_1667,AB28 AB37 AB37 AB81 AB30,1,5,HT 96A,1
CL_608,SEQ_1668,AB28 AB79 AB53 AB30 AB59,1,5,PH 6,1
CL_609,SEQ_1669,AB28 AB81 AB65 AB37 AB28B,1,5,ZA 6B,1
CL_035,SEQ_167,A RI,2,2,"HT 141,PH 6",2
CL_610,SEQ_1670,AB37 AB80 AB26 AB40 AB04,1,5,PYR 1,1
CL_611,SEQ_1671,AB39 AB37 AB24 AB08 [?],1,5,ARKH 4A,1
CL_612,SEQ_1672,AB40 AB60 AB27 AB73 AB04,1,5,ZA 9,1
CL_613,SEQ_1673,AB41 AB26 AB80 AB53 AB66,1,5,HT 90,1
CL_614,SEQ_1674,AB41 AB51 AB34 AB81 AB73,1,5,HT 110A,1
CL_615,SEQ_1675,AB45 AB58 [?] AB47 AB04,1,5,ARKH 4A,1
CL_616,SEQ_1676,AB53 AB59 AB80 AB55 AB40,1,5,HT 115A,1
CL_072,SEQ_1677,AB56 AB01 AB81 AB09 AB24,1,5,HT 103,1
CL_617,SEQ_1678,AB57 AB31 AB31 AB60 AB13,1,5,PS ZA 2,1
CL_618,SEQ_1679,AB59 AB06 AB28 A301 AB37,1,5,PS ZA 2,1
CL_008,SEQ_168,A RU,2,2,"HT 49,HT 9",2
CL_619,SEQ_1680,AB59 AB28 AB55 AB80 AB03,1,5,ZA 8,1
CL_620,SEQ_1681,AB60 AB67 AB59 AB06 AB41,1,5,KH 60,1
CL_621,SEQ_1682,AB60 [?] AB45 AB13 AB04,1,5,HT 94B,1
CL_622,SEQ_1683,AB61 AB59 AB30 AB17 AB09,1,5,ZA 5A,1
CL_623,SEQ_1684,AB67 AB45 AB80 A323 AB06,1,5,HT 31,1
CL_624,SEQ_1685,AB69 AB26 AB56 AB09 AB13,1,5,HT 128A,1
CL_625,SEQ_1686,AB69 AB73 AB37 AB17 AB09,1,5,ZA 14,1
CL_626,SEQ_1687,AB73 AB26 AB59 AB60 AB27,1,5,HT 117A,1
CL_627,SEQ_1688,AB80 AB27 AB53 AB73 AB45,1,5,PH 30,1
CL_628,SEQ_1689,B RU JA TA DI,1,5,HT WC 3008,1
CL_005,SEQ_169,AB03 AB09,2,2,"HT 18,HT 27B",2
CL_629,SEQ_1690,CA 10TH UNIT TO EACH,1,5,HT 89,1
CL_630,SEQ_1691,CF DU RI TE HT,1,5,PH 31,1
CL_074,SEQ_1692,DA KU SE NE TI,1,5,HT 104,1
CL_631,SEQ_1693,I KU JU TI IB,1,5,ZA 6,1
CL_632,SEQ_1694,I PA SA JA QA,1,5,KH 10,1
CL_633,SEQ_1695,I ZU RI NI TA,1,5,PH 6,1
CL_634,SEQ_1696,MA SI DU PA I,1,5,HT 43,1
CL_635,SEQ_1697,MA TI ZA I TE,1,5,PK 1,1
CL_636,SEQ_1698,MI DA NI PA JA,1,5,HT 41,1
CL_637,SEQ_1699,MI RU TA RA RE,1,5,HT 117,1
CL_007,SEQ_170,AB03 AB60,2,2,"HT 128A,PH 3A",2
CL_115,SEQ_1700,NA QIF NE MI NA,1,5,HT 115,1
CL_638,SEQ_1701,O TA NI ZA SE,1,5,ZA 5,1
CL_639,SEQ_1702,QE RA2 U KI RO,1,5,HT 1,1
CL_640,SEQ_1703,RI TA MA NU WI,1,5,HT 115,1
CL_641,SEQ_1704,SI RU MA RI TA2,1,5,HT 90,1
CL_642,SEQ_1705,TA I NU MA PA,1,5,ZA 8,1
CL_643,SEQ_1706,TI MA RU WI TE,1,5,PS ZA 2,1
CL_644,SEQ_1707,TI NU JA NU WI,1,5,HT 115,1
CL_645,SEQ_1708,TU MI TI ZA SE,1,5,ZA 14,1
CL_646,SEQ_1709,TU RU NU SE ME,1,5,HT 128,1
CL_647,SEQ_171,AB04 A301,2,2,"HT 8A,HT 98A",2
CL_648,SEQ_1710,WI RA RE MI TE,1,5,ZA 9,1
CL_649,SEQ_1711,WI TE RO I TI,1,5,HT 25,1
CL_650,SEQ_1712,[?] AB69 AB09 AB58 AB67,1,5,HT ZB 158A,1
CL_651,SEQ_1713,]MA RE RI MI DE,1,5,PH 30,1
CL_652,SEQ_1714,]RA KI TA NA SI[,1,5,KH 60,1
CL_653,SEQ_1715,]RA RI U DE ZA,1,5,HT 122,1
CL_141,SEQ_1716,AB06 AB80 AB80 AB37 AB37 A319,1,6,HT ZD 155,1
CL_654,SEQ_1717,AB07 AB07 AB70 AB60 AB13 AB66,1,6,ZA 11A,1
CL_655,SEQ_1718,AB07 AB45 AB26 AB78 AB76 AB10,1,6,HT 95A,1
CL_656,SEQ_1719,AB08 AB06 AB55 AB41 AB57 AB09,1,6,HT ZB 159,1
CL_657,SEQ_172,AB04 AB53,2,2,"HT 91,PH 31B",2
CL_658,SEQ_1720,AB08 AB31 AB58 AB80 AB28 AB09,1,6,GO WC 1A,1
CL_659,SEQ_1721,AB08 AB59 AB28 A301 AB54 AB57,1,6,SY ZA 4,1
CL_660,SEQ_1722,AB08 AB60 AB65 AB10 AB45 AB17,1,6,HT 122B,1
CL_661,SEQ_1723,AB28 AB01 AB56 AB28 AB31 AB53,1,6,PH 6,1
CL_662,SEQ_1724,AB58 AB67 AB53 AB04 AB28 AB57,1,6,HT ZB 158B,1
CL_663,SEQ_1725,AB79 A301 AB09 AB45 AB21F AB118,1,6,ARKH 2,1
CL_664,SEQ_1726,AB80 AB58 AB73 [?] AB06 [?],1,6,KN 22C,1
CL_665,SEQ_1727,DI DI KO RA ME[ ]TA2,1,6,ZA 11,1
CL_666,SEQ_1728,I DA PA3 I SA RI,1,6,PH 6,1
CL_667,SEQ_1729,I JA PA ME TA TA,1,6,KH 7,1
CL_668,SEQ_173,AB04 AB67,2,2,"HT 122A,HT 13",2
CL_669,SEQ_1730,KA KU PA DI NA U,1,6,HT 16,1
CL_670,SEQ_1731,PA TA DA[ DU PU2 RE,1,6,PH 31,1
CL_671,SEQ_1732,[?] A306 AB37 AB77 AB08 AB27?,1,6,HT 4,1
CL_672,SEQ_1733,]A RA JU U DE ZA,1,6,HT 122,1
CL_673,SEQ_1734,AB08 AB07 AB01 AB67 AB37 AB03 AB81,1,7,KN ZC 6,1
CL_674,SEQ_1735,O KA MI ZA SI I NA,1,7,PK 1,1
CL_675,SEQ_1736,QIF TU NE MA KA RI TE,1,7,HT 87,1
CL_676,SEQ_1737,U KA RE A SE SI NA,1,7,PE 1,1
CL_677,SEQ_1738,A SI JA KA U MI NA SI,1,8,HT 28,1
CL_678,SEQ_1739,MA DI HT HT 85B HT 97A HT,1,8,PH 31,1
CL_001,SEQ_174,AB04 AB69,2,2,"HT 13,HT 7A",2
CL_679,SEQ_1740,PA TA DA DU PU2 RE HT ZB,1,8,PH 31,1
CL_680,SEQ_1741,A DA KI SI KA A RA U DA,1,9,KH 5,1
CL_681,SEQ_1742,AB57 AB31 AB60 AB08 AB06 AB24 AB40 AB39 [?],1,9,KN ZC 7,1
CL_682,SEQ_1743,CF QA QA RU HT IMMEDIATELY BEFORE MA DI,1,9,PH 31,1
CL_683,SEQ_1744,AB65 AB81 AB06 AB03 AB81 AB55 AB10 [?] AB28 AB79,1,10,KN ZC 6,1
CL_684,SEQ_1745,MA KA RI TE KI RO U MI NA SI,1,10,HT 117,1
CL_685,SEQ_1746,CF PA TA NE HT 122A IMMEDIATELY AFTER KU PA3 NE,1,11,PH 31,1
CL_686,SEQ_1747,CF TU JU MA HT A3 IMMEDIATELY AFTER KU PA3 NU,1,11,PH 31,1
CL_687,SEQ_1748,I TI TI KU NI A PA RA NE A TE,1,11,HT 96,1
CL_688,SEQ_1749,TA NA I TI ? JA TI JA SA SA RA ME,1,12,PS ZA 2,1
CL_020,SEQ_175,AB07 AB06,2,2,"HT 3,KH 59",2
CL_689,SEQ_1750,AB08 AB27 AB24 AB41 AB07 A301 AB39 AB44 AB03 AB57 AB59 AB53 AB09 AB04 AB53 AB23 AB08 AB57 AB81,1,19,KN ZF 13,1
CL_690,SEQ_1751,JA MI DA RE HT 122A THE SAME AS A MI DA U? ZA 10A CF PH 14B A MI,1,20,PH 31,1
CL_691,SEQ_1752,KU PA3 NU HT HT 49A HT HT 117A HT 122A CF KU PA3 HT KU PA3 NA TU HT 47A HT,1,22,PH 31,1
CL_692,SEQ_1753,CA 20TH UNIT FIGS TO EACH CF HT WHERE THE RATIO FIC VIR KA IS TIMES THIS AMOUNT IF JU QE ARE PEOPLE MIGHT THEY BE CHILDREN?,1,27,HT 89,1
CL_027,SEQ_176,AB08 AB60,2,2,"ARKH 1A,KH 79 89",2
CL_146,SEQ_177,AB10 AB49,2,2,"HT 126A,ZA 10B",2
CL_693,SEQ_178,AB100 AB28,2,2,"HT 11A,HT 93A",2
CL_694,SEQ_179,AB13 AB17,2,2,"HT 10A,HT 85B",2
CL_695,SEQ_180,AB188 AB51,2,2,"HT WA 1021,HT WC 3020A",2
CL_696,SEQ_181,AB23 AB26,2,2,"HT 3,HT 46A",2
CL_697,SEQ_182,AB28 AB01,2,2,"ZA 21B,ZA 24A",2
CL_032,SEQ_183,AB28 AB77,2,2,"HT 102,HT 91",2
CL_698,SEQ_184,AB39 AB31,2,2,"HT 123B,KH 6",2
CL_001,SEQ_185,AB41 AB69,2,2,"HT WA 1019,ZA 20",2
CL_699,SEQ_186,AB50 AB131A,2,2,"HT 123A,HT 14",2
CL_700,SEQ_187,AB50 AB76,2,2,"HT 116A,HT 28B",2
CL_052,SEQ_188,AB56 AB30,2,2,"HT 102,HT 85A",2
CL_701,SEQ_189,AB57 AB21F,2,2,"HT 28A,HT 28B",2
CL_001,SEQ_190,AB59 AB37,2,2,"HT 26A,HT 97A",2
CL_001,SEQ_191,AB59 [?],2,2,"KH 16,KH 64",2
CL_015,SEQ_192,AB67 AB60,2,2,"HT 103,ZA 8",2
CL_001,SEQ_193,AB69 [?],2,2,"KH 2,PH 31B",2
CL_702,SEQ_194,AB73 AB69,2,2,"HT 117A,HT 135A",2
CL_056,SEQ_195,AB77 AB06,2,2,"HT 123B,HT 23A",2
CL_703,SEQ_196,AB77 AB07,2,2,"ZA 15B,ZA 4A",2
CL_010,SEQ_197,AB77 AB26,2,2,"HT 75,HT 97A",2
CL_057,SEQ_198,AB78 AB50,2,2,"HT 9A,HT 9B",2
CL_704,SEQ_199,AB79 AB51,2,2,"HT 51B,HT 99B",2
CL_705,SEQ_200,B SE,2,2,"HT WC 3004,HT WC 3005",2
CL_706,SEQ_201,DA I,2,2,"HT 12,HT12",2
CL_707,SEQ_202,DI RA,2,2,"HT 122,HT 9",2
CL_708,SEQ_203,E KA,2,2,"HT 33,HT 34",2
CL_709,SEQ_204,GRA B,2,2,"HT 120,HT 86",2
CL_023,SEQ_205,GRA F,2,2,"HT 125,KH 1",2
CL_710,SEQ_206,GRA KU,2,2,"HT 128,HT 61",2
CL_711,SEQ_207,I KA,2,2,"HT 102,HT 91",2
CL_712,SEQ_208,I QA,2,2,"HT 131,HT 44",2
CL_713,SEQ_209,KA DI,2,2,"ZA 15,ZA 4",2
CL_111,SEQ_210,KA NA,2,2,"HT 123 124,HT 23",2
CL_028,SEQ_211,KI ME,2,2,"HT 127,HT 26",2
CL_013,SEQ_212,KU RA2,2,2,"HT10,HT12",2
CL_714,SEQ_213,ME ZA,2,2,"HT 10,HT 85",2
CL_715,SEQ_214,MI TU,2,2,"HT 117,HT 135",2
CL_117,SEQ_215,OLE MI[,2,2,"HT 58,TY 3",2
CL_716,SEQ_216,OLE RI,2,2,"HT 23,HT 35",2
CL_717,SEQ_217,OLIV TU,2,2,"HT 101,HT 50",2
CL_718,SEQ_218,PA DE,2,2,"HT 122,HT 9",2
CL_018,SEQ_219,PA RA,2,2,"HT 128,PH 3",2
CL_719,SEQ_220,PA [?],2,2,"ZA 10,ZA 12",2
CL_061,SEQ_221,PA3 NI,2,2,"HT 102,HT 85",2
CL_720,SEQ_222,PU RA2,2,2,"HT 116,HT 28",2
CL_721,SEQ_223,PU VINA,2,2,"HT 123 124,HT 14",2
CL_123,SEQ_224,SA RI,2,2,"ZA 11,ZA 21",2
CL_722,SEQ_225,SA VINA,2,2,"HT 114,ZA 15",2
CL_113,SEQ_226,TA I,2,2,"HT 39,HT 9",2
CL_002,SEQ_227,TA TI,2,2,"HT 26,HT 97",2
CL_723,SEQ_228,TE FIC,2,2,"HT 6,HT 96",2
CL_724,SEQ_229,TE KI,2,2,"HT 122,HT 13",2
CL_124,SEQ_230,TE RI,2,2,"HT 91,PH 31",2
CL_066,SEQ_231,TE TU,2,2,"HT 13,HT 7",2
CL_725,SEQ_232,TI A,2,2,"HT 100,HT 94",2
CL_726,SEQ_233,U SI,2,2,"HT 140,HT 15",2
CL_727,SEQ_234,U ZA,2,2,"HT 10,HT 85",2
CL_728,SEQ_235,VINA RA,2,2,"ZA 15,ZA 6",2
CL_729,SEQ_236,VIR *313A,2,2,"HT 100,HT 89",2
CL_730,SEQ_237,VIR *313B,2,2,"HT 94,KH 7",2
CL_731,SEQ_238,VIR I,2,2,"HT 11,HT 93",2
CL_732,SEQ_239,ZU DU,2,2,"HT 51,HT 99",2
CL_733,SEQ_240,[?] AB04,2,2,"KN 28B,KN 32B",2
CL_734,SEQ_241,[?] AB06,2,2,"HT 62 73,PH 1B",2
CL_021,SEQ_242,[?] AB27,2,2,"ARKH 4B,HT 51A",2
CL_735,SEQ_243,[?] AB41,2,2,"KH 74,ZA 16",2
CL_006,SEQ_244,[?] AB59,2,2,"KH 50,KH 8",2
CL_069,SEQ_245,[?] AB60,2,2,"KH 29,ZA 9",2
CL_736,SEQ_246,]OLE RI,2,2,"HT 60,KH 82",2
CL_036,SEQ_247,A DU ZA,2,3,"KH 11,PK 1",2
CL_008,SEQ_248,A KA RU,2,3,"HT 2,HT 86",2
CL_147,SEQ_249,AB03 AB28 AB05,2,3,"HT 120,HT 97A",2
CL_007,SEQ_250,AB03 AB59 AB01,2,3,"HT ZB 160,PH 31A",2
CL_007,SEQ_251,AB03 AB59 AB24,2,3,"HT 94B,HT WA 1019",2
CL_007,SEQ_252,AB03 AB60 AB24,2,3,"HT 115A,HT 115B",2
CL_148,SEQ_253,AB07 AB45 AB26,2,3,"HT 86A,HT 95B",2
CL_020,SEQ_254,AB07 AB53 AB06,2,3,"HT 102,HT 93A",2
CL_149,SEQ_255,AB07 AB67 AB09,2,3,"HT 117B,HT 87",2
CL_001,SEQ_256,AB08 AB03 [?],2,3,"ARKH 1A,KN 32A",2
CL_150,SEQ_257,AB10 A325 AB17,2,3,"HT 10A,HT 85A",2
CL_737,SEQ_258,AB10 AB34 AB41,2,3,"HT 140,HT 15",2
CL_738,SEQ_259,AB16 AB55 AB80,2,3,"HT 116A,KH 88",2
CL_012,SEQ_260,AB26 AB80 AB59,2,3,"HT 29,HT 99B",2
CL_075,SEQ_261,AB28 AB16 AB118,2,3,"HT 131A,HT 44A",2
CL_001,SEQ_262,AB41 AB01 AB27,2,3,"HT 122A,HT 17",2
CL_091,SEQ_263,AB41 AB39 AB67,2,3,"ZA 4A,ZA 5B",2
CL_099,SEQ_264,AB54 AB07 AB30,2,3,"HT WC 3007,HT WC 3008A",2
CL_052,SEQ_265,AB56 AB30 AB06,2,3,"HT 6B,HT 93A",2
CL_739,SEQ_266,AB60 AB164A AB37,2,3,"HT 17,HT 19",2
CL_006,SEQ_267,AB67 AB01 AB02,2,3,"HT 117A,HT 47A",2
CL_016,SEQ_268,AB67 AB53 AB66,2,3,"HT 114A,HT 121",2
CL_103,SEQ_269,AB78 AB76 AB10,2,3,"HT 1,HT 95B",2
CL_121,SEQ_270,AB79 AB07 AB60,2,3,"HT WC 3011,HT WC 3012A",2
CL_004,SEQ_271,AB81 AB27 AB65,2,3,"HT 117B,HT 39",2
CL_003,SEQ_272,AB81 AB79 AB30,2,3,"HT 13,HT 85A",2
CL_151,SEQ_273,B PA D,2,3,"HT WC 3016,HT WE WC 3020",2
CL_019,SEQ_274,DA NA TU,2,3,"ARKH 6,HT7",2
CL_002,SEQ_275,DA QE RA,2,3,"HT 120,HT 6",2
CL_740,SEQ_276,DI DE RU,2,3,"HT 86,HT 95",2
CL_741,SEQ_277,DI KI SE,2,3,"HT 117,HT 87",2
CL_022,SEQ_278,DI NA U,2,3,"HT 25,HT 9",2
CL_022,SEQ_279,DI RI NA,2,3,"HT 102,HT 93",2
CL_152,SEQ_280,GRA K L2,2,3,"HT 120,HT 86",2
CL_002,SEQ_281,KI DA RO,2,3,"HT 117,HT 47",2
CL_009,SEQ_282,KI RE TA2,2,3,"HT 129,HT 85",2
CL_009,SEQ_283,KI RI TA2,2,3,"HT 114,HT 121",2
CL_742,SEQ_284,KU ZU NI,2,3,"HT 13,HT 85",2
CL_011,SEQ_285,MI JA I,2,3,"HT 37,KH 81",2
CL_011,SEQ_286,MI JA KA,2,3,"HT 33,HT 34",2
CL_116,SEQ_287,PA I TO,2,3,"HT 120,HT 97",2
CL_061,SEQ_288,PA3 NI NA,2,3,"HT 6,HT 93",2
CL_064,SEQ_289,QE TU NE,2,3,"HT 12,HT12",2
CL_064,SEQ_290,QIF TU NE,2,3,"HT 117,HT 7",2
CL_743,SEQ_291,RA *164A TI,2,3,"HT 17,HT 19",2
CL_144,SEQ_292,RU MA TA,2,3,"HT 29,HT 99",2
CL_002,SEQ_293,SI DA RE,2,3,"HT 122,HT 17",2
CL_153,SEQ_294,TU JU MA,2,3,"HT 117,PH 31",2
CL_744,SEQ_295,A RI NI TA,2,4,"HT 25,ZA 8",2
CL_745,SEQ_296,AB01 AB28 AB39 AB59,2,4,"ZA 10A,ZA 8",2
CL_007,SEQ_297,AB08 AB03 AB60 AB24,2,4,"HT 96A,HT 96B",2
CL_746,SEQ_298,AB08 AB41 AB57 AB77,2,4,"HT 28A,HT 28B",2
CL_747,SEQ_299,AB08 AB53 AB30 AB59,2,4,"HT 25A,ZA 8",2
CL_748,SEQ_300,AB10 AB73 AB06 AB41,2,4,"HT 117A,HT 28B",2
CL_749,SEQ_301,AB11 AB05 AB81 AB02,2,4,"HT 122B,HT 131B",2
CL_750,SEQ_302,AB54 AB51 AB30 AB73,2,4,"HT 6B,HT 85B",2
CL_751,SEQ_303,AB78 AB41 AB79 AB38,2,4,"ZA 15A,ZA 4A",2
CL_752,SEQ_304,AB78 AB45 AB73 AB55,2,4,"MA 1A,MA 1B",2
CL_753,SEQ_305,AB80 AB77 AB53 AB04,2,4,"HT 117A,HT 87",2
CL_754,SEQ_306,AB81 AB56 AB06 AB69,2,4,"HT 119,HT 47A",2
CL_755,SEQ_307,DA I PI TA,2,4,"ZA 10,ZA 8",2
CL_756,SEQ_308,KU PA3 NA TU,2,4,"HT 119,HT 47",2
CL_143,SEQ_309,MA KA I TA,2,4,"PK 1,ZA 5",2
CL_757,SEQ_310,PO TO KU RO,2,4,"HT 122,HT 131",2
CL_030,SEQ_311,QA [?] RE PU,2,4,"HT 33,HT 45",2
CL_758,SEQ_312,QE SI ZU E,2,4,"ZA 15,ZA 4",2
CL_759,SEQ_313,WA DU NI MI,2,4,"HT 6,HT 85",2
CL_760,SEQ_314,*164B,1,1,KH WC 2040,1
CL_761,SEQ_315,*164C,1,1,KH WC 2041,1
CL_762,SEQ_316,*309B[,1,1,TY 2,1
CL_763,SEQ_317,*403VAS,1,1,HT 38,1
CL_764,SEQ_318,*405VAS,1,1,MA 10,1
CL_765,SEQ_319,*406VAS,1,1,HT 93,1
CL_766,SEQ_320,*410VAS,1,1,HT 31,1
CL_767,SEQ_321,*411VASA,1,1,KH WC 2019,1
CL_768,SEQ_322,A301,1,1,HT WA 1029,1
CL_769,SEQ_323,A303,1,1,KH 14,1
CL_770,SEQ_324,A306,1,1,KH 47,1
CL_771,SEQ_325,A307,1,1,HT 5,1
CL_772,SEQ_326,A308,1,1,HT 123A,1
CL_773,SEQ_327,A309B,1,1,TY 2,1
CL_774,SEQ_328,A328,1,1,PH 13A,1
CL_775,SEQ_329,A335,1,1,KH 44,1
CL_776,SEQ_330,A356,1,1,PH 13B,1
CL_777,SEQ_331,A359,1,1,PH 17A,1
CL_778,SEQ_332,A360,1,1,PH 17B,1
CL_779,SEQ_333,A501,1,1,KH WA 1002,1
CL_780,SEQ_334,A579,1,1,HT 128A,1
CL_781,SEQ_335,A629,1,1,HT WA 1020,1
CL_782,SEQ_336,A640,1,1,KH WA 1002,1
CL_783,SEQ_337,A651,1,1,KH 12,1
CL_784,SEQ_338,A717,1,1,HT 6A,1
CL_785,SEQ_339,AB01,1,1,HT 3,1
CL_786,SEQ_340,AB05,1,1,PH 3B,1
CL_787,SEQ_341,AB13,1,1,ZA 21B,1
CL_788,SEQ_342,AB131A,1,1,HT 89,1
CL_789,SEQ_343,AB17?,1,1,KH 94,1
CL_790,SEQ_344,AB188,1,1,HT 123B,1
CL_791,SEQ_345,AB20,1,1,KH 57,1
CL_792,SEQ_346,AB23,1,1,HT 23B,1
CL_793,SEQ_347,AB30,1,1,KH 65,1
CL_794,SEQ_348,AB31,1,1,HT 56A,1
CL_795,SEQ_349,AB43,1,1,MY ZF 2,1
CL_796,SEQ_350,AB45,1,1,KH 100,1
CL_797,SEQ_351,AB51?,1,1,ZA 31,1
CL_798,SEQ_352,AB53,1,1,HT 49A,1
CL_799,SEQ_353,AB55,1,1,HT 62 73,1
CL_800,SEQ_354,AB55?,1,1,KH 3,1
CL_801,SEQ_355,AB58,1,1,KH 63,1
CL_802,SEQ_356,AB65,1,1,HT 68,1
CL_803,SEQ_357,AB66,1,1,HT 137,1
CL_804,SEQ_358,AB70,1,1,HT 62 73,1
CL_805,SEQ_359,AB73,1,1,HT 135A,1
CL_806,SEQ_360,AB76,1,1,HT 130,1
CL_807,SEQ_361,ASARA2,1,1,HT 89,1
CL_808,SEQ_362,BOS,1,1,KH 6,1
CL_809,SEQ_363,CAPF,1,1,PH 31,1
CL_810,SEQ_364,GRA[,1,1,ARKH 3,1
CL_811,SEQ_365,GRA[],1,1,HT 40,1
CL_812,SEQ_366,MAIMI,1,1,HT 89,1
CL_813,SEQ_367,NEW,1,1,GO WC 3,1
CL_814,SEQ_368,OLE[,1,1,HT 23,1
CL_815,SEQ_369,OLIV[,1,1,ZA 6,1
CL_816,SEQ_370,SUS,1,1,HT 38,1
CL_817,SEQ_371,TA2,1,1,HT 11,1
CL_818,SEQ_372,TARA,1,1,HT 89,1
CL_819,SEQ_373,TWE,1,1,HT 126,1
CL_820,SEQ_374,VIN,1,1,PH 31,1
CL_821,SEQ_375,VINA[,1,1,HT 44,1
CL_822,SEQ_376,VINC,1,1,KH 18,1
CL_823,SEQ_377,VINC[,1,1,KH 85,1
CL_824,SEQ_378,VIN[,1,1,KH 100,1
CL_825,SEQ_379,[NAME,1,1,HT 94,1
CL_826,SEQ_380,[[FIC,1,1,KH 8,1
CL_827,SEQ_381,[[GRAFFITO]],1,1,PH 28,1
CL_828,SEQ_382,]*131C,1,1,KH 60,1
CL_829,SEQ_383,]GRA,1,1,KH 8,1
CL_830,SEQ_384,]OLE,1,1,KN ZB 35,1
CL_831,SEQ_385,]OLIV[,1,1,TY 3,1
CL_832,SEQ_386,]OVIS,1,1,THE TABLET 4,1
CL_833,SEQ_387,]OVISF[,1,1,ZA 22,1
CL_834,SEQ_388,]PA3[,1,1,ARKH 1,1
CL_835,SEQ_389,]VEST,1,1,HT 33,1
CL_836,SEQ_390,]VIR[,1,1,HT 62 73,1
CL_837,SEQ_391,*400VAS RI,1,2,HT 110,1
CL_838,SEQ_392,*404VAS ?][,1,2,MA 10,1
CL_839,SEQ_393,*404VAS A,1,2,MA 10,1
CL_840,SEQ_394,*404VAS TI,1,2,MA 10,1
CL_841,SEQ_395,*407VAS A,1,2,HT 39,1
CL_842,SEQ_396,*412VAS E,1,2,MA 10,1
CL_843,SEQ_397,*412VAS F,1,2,MA 10,1
CL_844,SEQ_398,*413VAS SU,1,2,MA 10,1
CL_845,SEQ_399,*418VAS L2,1,2,PH 8,1
CL_846,SEQ_400,406VAS KE,1,2,HT 26,1
CL_002,SEQ_401,A DA,1,2,TY 3,1
CL_847,SEQ_402,A DE,1,2,ZA 10,1
CL_848,SEQ_403,A DU[,1,2,KH 23,1
CL_017,SEQ_404,A MA,1,2,MA 1,1
CL_849,SEQ_405,A MA[,1,2,ZA 7,1
CL_002,SEQ_406,A MI,1,2,PH 14,1
CL_850,SEQ_407,A O,1,2,KN WC 42,1
CL_035,SEQ_408,A PA,1,2,ARKH 1,1
CL_851,SEQ_409,A RA[,1,2,ARKH 1,1
CL_852,SEQ_410,A SI,1,2,HT 9,1
CL_002,SEQ_411,A TA,1,2,KH 39,1
CL_853,SEQ_412,A TE,1,2,KH 11,1
CL_036,SEQ_413,A ZA,1,2,PE 2,1
CL_854,SEQ_414,A301 AB06,1,2,KH 5,1
CL_855,SEQ_415,A305 AB26,1,2,HT 10A,1
CL_856,SEQ_416,A309A [?],1,2,TY 2,1
CL_857,SEQ_417,A309A? [?],1,2,TY 2,1
CL_858,SEQ_418,A312 AB59,1,2,HT 10B,1
CL_859,SEQ_419,A312 AB66,1,2,ZA 6B,1
CL_860,SEQ_420,A318 A306,1,2,HT 94A,1
CL_861,SEQ_421,A322 AB53,1,2,HT 11A,1
CL_862,SEQ_422,A327 AB65,1,2,HT 119,1
CL_863,SEQ_423,A352 A306,1,2,KH 100,1
CL_864,SEQ_424,AB01 AB17,1,2,HT 95B,1
CL_128,SEQ_425,AB01 AB28,1,2,HT 12,1
CL_865,SEQ_426,AB01 AB56,1,2,HT 79 83,1
CL_001,SEQ_427,AB01 AB60,1,2,PH 7B,1
CL_866,SEQ_428,AB01 AB67,1,2,HT 123A,1
CL_867,SEQ_429,AB02 AB38,1,2,PH 24,1
CL_868,SEQ_430,AB02 AB44,1,2,HT 98A,1
CL_869,SEQ_431,AB03 AB17,1,2,ZA 6B,1
CL_005,SEQ_432,AB03 AB27,1,2,HT 4,1
CL_005,SEQ_433,AB03 AB57,1,2,HT 41A,1
CL_007,SEQ_434,AB03 AB59,1,2,KH 79 89,1
CL_870,SEQ_435,AB03 AB73,1,2,TY 3B,1
CL_048,SEQ_436,AB04 AB04,1,2,ZA 23,1
CL_871,SEQ_437,AB04 AB123,1,2,ZA 20,1
CL_872,SEQ_438,AB04 AB44,1,2,HT 85A,1
CL_873,SEQ_439,AB04 AB79,1,2,PH 13C,1
CL_001,SEQ_440,AB04 [?],1,2,PH 27,1
CL_874,SEQ_441,AB06 AB67,1,2,KH 92,1
CL_875,SEQ_442,AB06 AB73,1,2,HT 154C,1
CL_083,SEQ_443,AB07 AB07,1,2,ZA 26A,1
CL_876,SEQ_444,AB07 AB41,1,2,KH 6,1
CL_148,SEQ_445,AB07 AB45,1,2,HT 86B,1
CL_149,SEQ_446,AB07 AB67,1,2,ZA 27,1
CL_877,SEQ_447,AB08 A301,1,2,KH 58,1
CL_006,SEQ_448,AB08 AB01,1,2,TY 3A,1
CL_878,SEQ_449,AB08 AB06?,1,2,HT 37,1
CL_010,SEQ_450,AB08 AB26,1,2,HT 49A,1
CL_879,SEQ_451,AB08 AB39,1,2,KN ZE 16,1
CL_046,SEQ_452,AB08 AB41,1,2,HT 9B,1
CL_880,SEQ_453,AB08 AB45,1,2,ZA 10B,1
CL_001,SEQ_454,AB08 AB53,1,2,PH 6,1
CL_001,SEQ_455,AB08 AB57,1,2,KH 97A,1
CL_027,SEQ_456,AB08 AB65,1,2,HT ZD 155,1
CL_040,SEQ_457,AB08 AB73,1,2,PH 14B,1
CL_001,SEQ_458,AB08 [?],1,2,KH 73,1
CL_881,SEQ_459,AB08? [?],1,2,KH 92,1
CL_882,SEQ_460,AB09 A305,1,2,KH 7A,1
CL_883,SEQ_461,AB10 AB37,1,2,HT 10B,1
CL_884,SEQ_462,AB10 AB58,1,2,HT 117A,1
CL_885,SEQ_463,AB10 AB65,1,2,ZA 7A,1
CL_886,SEQ_464,AB10 AB66,1,2,HT 103,1
CL_887,SEQ_465,AB100 A329,1,2,HT 128B,1
CL_888,SEQ_466,AB100 [?],1,2,HT 62 73,1
CL_889,SEQ_467,AB118 AB73,1,2,ZA 21A,1
CL_075,SEQ_468,AB16 AB118,1,2,KH 10,1
CL_890,SEQ_469,AB16 AB24,1,2,KH 47,1
CL_891,SEQ_470,AB16 AB56,1,2,HT 31,1
CL_076,SEQ_471,AB16 AB67,1,2,KN WB 33A,1
CL_892,SEQ_472,AB17 A321,1,2,TY 3A,1
CL_893,SEQ_473,AB17 [?],1,2,ZA 9,1
CL_894,SEQ_474,AB188 AB86,1,2,HT 26B,1
CL_043,SEQ_475,AB21F AB69,1,2,HT 94B,1
CL_895,SEQ_476,AB23 A312,1,2,HT 78,1
CL_003,SEQ_477,AB26 AB06,1,2,KN 2,1
CL_896,SEQ_478,AB26 AB07,1,2,HT 141,1
CL_897,SEQ_479,AB26 AB30,1,2,HT 25A,1
CL_898,SEQ_480,AB26 AB31,1,2,HT 96A,1
CL_001,SEQ_481,AB26 AB57,1,2,KN WC 26A,1
CL_899,SEQ_482,AB26 AB73,1,2,ARKH 2,1
CL_900,SEQ_483,AB26 AB76,1,2,HT 11B,1
CL_012,SEQ_484,AB26 AB80,1,2,HT 64,1
CL_901,SEQ_485,AB26 [?],1,2,HT 128B,1
CL_032,SEQ_486,AB27 AB02,1,2,HT WC 3012B,1
CL_902,SEQ_487,AB27 AB69,1,2,HT 42 59,1
CL_154,SEQ_488,AB27 [?],1,2,KH 8,1
CL_903,SEQ_489,AB28 A308,1,2,HT 26B,1
CL_904,SEQ_490,AB28 A331,1,2,KH 32,1
CL_905,SEQ_491,AB28 AB09,1,2,ZA 6A,1
CL_049,SEQ_492,AB28 AB37,1,2,HT 25B,1
CL_090,SEQ_493,AB28 AB41,1,2,KH 9,1
CL_906,SEQ_494,AB28 AB45,1,2,ZA 11B,1
CL_907,SEQ_495,AB28 AB47,1,2,ARKH 4B,1
CL_908,SEQ_496,AB28 AB80,1,2,ZA 6B,1
CL_909,SEQ_497,AB29 AB76,1,2,ZA 6A,1
CL_910,SEQ_498,AB30 AB39,1,2,KN WC 26B,1
CL_911,SEQ_499,AB30 AB60,1,2,HT 23B,1
CL_912,SEQ_500,AB31 AB11,1,2,HT 16,1
CL_055,SEQ_501,AB31 AB24,1,2,HT 53A,1
CL_050,SEQ_502,AB31 AB53,1,2,ZA 21B,1
CL_913,SEQ_503,AB31 AB59,1,2,HT 117A,1
CL_914,SEQ_504,AB31 AB72,1,2,HT 28A,1
CL_006,SEQ_505,AB37 AB30,1,2,HT 51A,1
CL_915,SEQ_506,AB38 AB82,1,2,ZA 4A,1
CL_916,SEQ_507,AB39 A314,1,2,ARKH 3B,1
CL_917,SEQ_508,AB39 AB23,1,2,ZA 21A,1
CL_918,SEQ_509,AB39 AB55,1,2,KH 86,1
CL_919,SEQ_510,AB39 AB61,1,2,PH 19,1
CL_920,SEQ_511,AB40 AB31,1,2,HT 113,1
CL_921,SEQ_512,AB41 A516,1,2,HT 34,1
CL_001,SEQ_513,AB41 AB04,1,2,ZA 26A,1
CL_922,SEQ_514,AB41 AB26,1,2,HT 55A,1
CL_923,SEQ_515,AB41 AB50,1,2,HT ZB 161,1
CL_041,SEQ_516,AB41 AB51,1,2,HT 123B,1
CL_015,SEQ_517,AB41 AB60,1,2,HT 49A,1
CL_924,SEQ_518,AB45 AB07,1,2,HT 94B,1
CL_925,SEQ_519,AB45 AB55,1,2,HT 11B,1
CL_926,SEQ_520,AB45 AB73,1,2,ARKH 4B,1
CL_927,SEQ_521,AB45 [?],1,2,HT 97A,1
CL_928,SEQ_522,AB50 AB45,1,2,KH 88,1
CL_929,SEQ_523,AB50 AB70,1,2,HT 31,1
CL_930,SEQ_524,AB51 AB53,1,2,PH 31B,1
CL_931,SEQ_525,AB51 AB57,1,2,HT 7A,1
CL_051,SEQ_526,AB51 AB60,1,2,MA 2A,1
CL_932,SEQ_527,AB51 AB65,1,2,ZA 22,1
CL_933,SEQ_528,AB51 AB77,1,2,MI 2,1
CL_934,SEQ_529,AB51? AB67,1,2,HT 6B,1
CL_935,SEQ_530,AB53 A305,1,2,HT 146,1
CL_001,SEQ_531,AB53 AB57,1,2,HT 55B,1
CL_936,SEQ_532,AB54 A362,1,2,ZA 10B,1
CL_077,SEQ_533,AB55 AB27,1,2,HT 154JA,1
CL_021,SEQ_534,AB55 AB37,1,2,HT 84,1
CL_937,SEQ_535,AB55 AB40,1,2,HT 115B,1
CL_938,SEQ_536,AB56 AB188,1,2,HT 8B,1
CL_939,SEQ_537,AB57 A304,1,2,PH 14A,1
CL_940,SEQ_538,AB57 A345,1,2,HT 119,1
CL_941,SEQ_539,AB57 AB03,1,2,ZA 4A,1
CL_942,SEQ_540,AB57 AB07,1,2,PH WC 39A,1
CL_005,SEQ_541,AB57 AB27,1,2,ARKH 1B,1
CL_053,SEQ_542,AB57 AB37,1,2,PS ZA 2,1
CL_943,SEQ_543,AB57 AB40,1,2,ZA 14,1
CL_094,SEQ_544,AB57 AB41,1,2,KN ZB 4,1
CL_944,SEQ_545,AB57 AB60,1,2,KN WC 30,1
CL_945,SEQ_546,AB57 AB67,1,2,ZA 26A,1
CL_053,SEQ_547,AB57 AB81,1,2,MA 2B,1
CL_946,SEQ_548,AB58 AB27,1,2,HT 32,1
CL_054,SEQ_549,AB58 AB29,1,2,HT 63,1
CL_057,SEQ_550,AB58 AB50,1,2,HT 31,1
CL_947,SEQ_551,AB58 AB51,1,2,HT 42 59,1
CL_948,SEQ_552,AB58 AB67?,1,2,HT 49A,1
CL_949,SEQ_553,AB59 AB03,1,2,HT 104,1
CL_950,SEQ_554,AB59 AB10,1,2,KH 52,1
CL_096,SEQ_555,AB59 AB39,1,2,ARKH 1A,1
CL_951,SEQ_556,AB59 AB44,1,2,ZA 21A,1
CL_001,SEQ_557,AB59 AB57,1,2,HT ZD 156,1
CL_080,SEQ_558,AB59 AB59,1,2,KH 7A,1
CL_001,SEQ_559,AB59 AB60,1,2,HT 89,1
CL_952,SEQ_560,AB59 AB73,1,2,HT 66,1
CL_007,SEQ_561,AB60 AB53,1,2,HT 122A,1
CL_093,SEQ_562,AB61 AB73,1,2,ZA 27,1
CL_953,SEQ_563,AB65 AB60,1,2,HT 80,1
CL_954,SEQ_564,AB66 [?],1,2,KH 29,1
CL_098,SEQ_565,AB67 A310,1,2,HT 27A,1
CL_006,SEQ_566,AB67 AB01,1,2,HT 27A,1
CL_955,SEQ_567,AB67 AB55,1,2,ARKH 3A,1
CL_100,SEQ_568,AB69 AB03,1,2,HT 112A,1
CL_101,SEQ_569,AB69 AB80,1,2,HT 94B,1
CL_956,SEQ_570,AB70 AB26,1,2,HT 23A,1
CL_957,SEQ_571,AB70 AB57,1,2,HT 119,1
CL_042,SEQ_572,AB73 AB01,1,2,HT 27B,1
CL_003,SEQ_573,AB73 AB06,1,2,KH 79 89,1
CL_958,SEQ_574,AB73 AB27,1,2,ZA 23,1
CL_959,SEQ_575,AB73 AB37,1,2,HT 61,1
CL_040,SEQ_576,AB73 AB59,1,2,HT 128A,1
CL_960,SEQ_577,AB73 AB76,1,2,HT 54A,1
CL_961,SEQ_578,AB73 AB77,1,2,HT 135A,1
CL_001,SEQ_579,AB73 [?],1,2,HT 113 TER,1
CL_962,SEQ_580,AB77 A305,1,2,HT 9B,1
CL_963,SEQ_581,AB77 AB24,1,2,ARKH 3A,1
CL_010,SEQ_582,AB77 AB31,1,2,KE 1,1
CL_021,SEQ_583,AB77 AB37,1,2,HT 63,1
CL_964,SEQ_584,AB77 AB65,1,2,HT 88,1
CL_965,SEQ_585,AB77 AB67,1,2,HT 37,1
CL_966,SEQ_586,AB77 AB76,1,2,HT 139,1
CL_967,SEQ_587,AB77 AB80,1,2,HT 140,1
CL_005,SEQ_588,AB77 AB81,1,2,HT 62 73,1
CL_968,SEQ_589,AB78 AB37,1,2,HT 7A,1
CL_043,SEQ_590,AB78 AB69,1,2,HT 41A,1
CL_969,SEQ_591,AB78 AB77,1,2,HT 85B,1
CL_970,SEQ_592,AB79 AB58,1,2,HT 1,1
CL_971,SEQ_593,AB80 A321,1,2,HT 6A,1
CL_972,SEQ_594,AB80 AB07?,1,2,HT 3,1
CL_973,SEQ_595,AB80 AB17,1,2,ZA 10B,1
CL_974,SEQ_596,AB80 AB26,1,2,HT 117A,1
CL_104,SEQ_597,AB80 AB27,1,2,HT 55A,1
CL_041,SEQ_598,AB80 AB41,1,2,HT 5,1
CL_975,SEQ_599,AB80 AB53,1,2,HT 128A,1
CL_976,SEQ_600,AB80 AB79,1,2,HT 102,1
CL_977,SEQ_601,AB81 A305,1,2,HT 27A,1
CL_978,SEQ_602,AB81 A321,1,2,ZA 18A,1
CL_979,SEQ_603,AB81 AB01,1,2,HT 122A,1
CL_004,SEQ_604,AB81 AB27,1,2,HT 53B,1
CL_980,SEQ_605,AB81 AB27?,1,2,HT 39,1
CL_003,SEQ_606,AB81 AB30,1,2,HT 79 83,1
CL_031,SEQ_607,AB81 AB39,1,2,ZA 14,1
CL_031,SEQ_608,AB81 AB59,1,2,HT 115B,1
CL_058,SEQ_609,AB81 AB60,1,2,ZA 20,1
CL_981,SEQ_610,B BOSM,1,2,GO WC 1,1
CL_982,SEQ_611,B CAP,1,2,HT WC 3014,1
CL_151,SEQ_612,B D,1,2,HT WC 3018,1
CL_983,SEQ_613,B J,1,2,HT WC 3001,1
CL_984,SEQ_614,B NA,1,2,PH 31,1
CL_985,SEQ_615,B OVISF,1,2,HT WC 3024,1
CL_105,SEQ_616,B RO,1,2,PH 31,1
CL_986,SEQ_617,B VESTIGIA,1,2,KN WC 48,1
CL_987,SEQ_618,CAPM KU,1,2,PH 31,1
CL_988,SEQ_619,DA KI,1,2,HT 6,1
CL_989,SEQ_620,DA NE,1,2,HT10,1
CL_990,SEQ_621,DA PA3[,1,2,HT 79 83,1
CL_044,SEQ_622,DA RU,1,2,HT 7,1
CL_019,SEQ_623,DA TU,1,2,HT 123 124,1
CL_991,SEQ_624,DA U,1,2,HT 120,1
CL_992,SEQ_625,DE DI,1,2,HT 94,1
CL_993,SEQ_626,DE NU,1,2,HT 11,1
CL_022,SEQ_627,DI NA,1,2,KH 59,1
CL_994,SEQ_628,DI QE,1,2,HT 101,1
CL_995,SEQ_629,DI SI,1,2,KH 6,1
CL_996,SEQ_630,DU A,1,2,HT 15,1
CL_997,SEQ_631,DU JA,1,2,HT 7,1
CL_998,SEQ_632,DU JU,1,2,ZA 22,1
CL_999,SEQ_633,DU KA[,1,2,MI 2,1
CL_108,SEQ_634,DU RI,1,2,PH 31,1
CL_1000,SEQ_635,E F,1,2,NOTES TO HT ZD 155 157,1
CL_1001,SEQ_636,E GRA,1,2,HT 34,1
CL_1002,SEQ_637,E KA[,1,2,PE 1,1
CL_1003,SEQ_638,E MI,1,2,ZA 1,1
CL_1004,SEQ_639,FIC E,1,2,HT 89,1
CL_1005,SEQ_640,GRA H,1,2,HT 108,1
CL_152,SEQ_641,GRA L2,1,2,HT 22,1
CL_1006,SEQ_642,GRA L3L3,1,2,HT 15,1
CL_1007,SEQ_643,GRA PA[,1,2,ZA 11,1
CL_1008,SEQ_644,GRA QE[,1,2,HT 99,1
CL_1009,SEQ_645,I DA,1,2,ZA 24,1
CL_1010,SEQ_646,I DA[,1,2,ZA 21,1
CL_1011,SEQ_647,I OLIV,1,2,ZA 11,1
CL_1012,SEQ_648,I SE,1,2,ZA 6,1
CL_011,SEQ_649,JA KA,1,2,HT 24,1
CL_1013,SEQ_650,JA KI[,1,2,ZA 26,1
CL_110,SEQ_651,JA KU,1,2,MA 2,1
CL_1014,SEQ_652,JA PA,1,2,ZA 4,1
CL_126,SEQ_653,JA PI,1,2,ARKH 3,1
CL_1015,SEQ_654,JA QIF,1,2,HT 28,1
CL_011,SEQ_655,JA RU,1,2,HT 6,1
CL_1016,SEQ_656,JA SA[,1,2,PH 16,1
CL_1017,SEQ_657,JA SU,1,2,KN 32,1
CL_1018,SEQ_658,JA WI[,1,2,ZA 14,1
CL_1019,SEQ_659,JU QE,1,2,HT 89,1
CL_1020,SEQ_660,KA A,1,2,HT 38,1
CL_1021,SEQ_661,KA JU,1,2,HT 88,1
CL_107,SEQ_662,KA KI,1,2,HT 37,1
CL_1022,SEQ_663,KA KU,1,2,HT 62 73,1
CL_1023,SEQ_664,KA NE,1,2,ARKH 3,1
CL_1024,SEQ_665,KA PA[,1,2,HT 105,1
CL_1025,SEQ_666,KA QA,1,2,PK 1,1
CL_008,SEQ_667,KA RU,1,2,HT 97,1
CL_1026,SEQ_668,KA RU[,1,2,HT 75,1
CL_008,SEQ_669,KA SA,1,2,KE 1,1
CL_059,SEQ_670,KA TI,1,2,HT 63,1
CL_002,SEQ_671,KI DA,1,2,HT 27,1
CL_009,SEQ_672,KI RE,1,2,HT 37,1
CL_1027,SEQ_673,KI RO[,1,2,HT 93,1
CL_009,SEQ_674,KI TA2,1,2,HT 122,1
CL_1028,SEQ_675,KO JA,1,2,HT 119,1
CL_1029,SEQ_676,KO RU,1,2,HT 23,1
CL_1030,SEQ_677,KU DA,1,2,HT 122,1
CL_106,SEQ_678,KU NA,1,2,ZA 15,1
CL_037,SEQ_679,KU PA3,1,2,HT 101,1
CL_1031,SEQ_680,KU PI,1,2,ZA 14,1
CL_026,SEQ_681,KU RE,1,2,HT 39,1
CL_1032,SEQ_682,KU RO[,1,2,HT 85,1
CL_1033,SEQ_683,KU TA[,1,2,HT 115,1
CL_1034,SEQ_684,MA A,1,2,PH 3,1
CL_1035,SEQ_685,MA MA,1,2,PH 3,1
CL_038,SEQ_686,MA RE,1,2,HT 55,1
CL_060,SEQ_687,MA RI,1,2,HT 128,1
CL_120,SEQ_688,MA SI,1,2,HT 5,1
CL_1036,SEQ_689,MA ZA,1,2,ZA 10,1
CL_1037,SEQ_690,MA ZU,1,2,HT 102,1
CL_1038,SEQ_691,ME VINA,1,2,ZA 15,1
CL_011,SEQ_692,MI JA,1,2,PH 3,1
CL_1039,SEQ_693,MI KA[,1,2,HT 135,1
CL_1040,SEQ_694,MI TI,1,2,HT 61,1
CL_1041,SEQ_695,MU RU,1,2,HT 3,1
CL_002,SEQ_696,NA TI,1,2,HT 97,1
CL_1042,SEQ_697,NI MI,1,2,PK 1,1
CL_1043,SEQ_698,NI RA,1,2,HT 23,1
CL_1044,SEQ_699,NO OFIMPRESSIONS,1,2,HT WC 3013,1
CL_1045,SEQ_700,NOT PRESERVED,1,2,KN WC 43,1
CL_1046,SEQ_701,NU DU,1,2,HT 40,1
CL_059,SEQ_702,NU TI,1,2,ZA 9,1
CL_1047,SEQ_703,O MI[,1,2,ZA 27,1
CL_1048,SEQ_704,OLE NE[,1,2,HT 32,1
CL_1049,SEQ_705,OLE OVISF,1,2,TY 3,1
CL_1050,SEQ_706,OLE RA,1,2,HT 44,1
CL_1051,SEQ_707,OLIV KI,1,2,HT8,1
CL_1052,SEQ_708,OVIS SI,1,2,ZA 9,1
CL_047,SEQ_709,PA RE,1,2,ARKH 1,1
CL_1053,SEQ_710,PA RE[,1,2,HT 4,1
CL_017,SEQ_711,PA SE,1,2,HT 18,1
CL_1054,SEQ_712,PA ZA,1,2,ZA 6,1
CL_1055,SEQ_713,PA3 QE,1,2,HT 33,1
CL_1056,SEQ_714,PI A[,1,2,ZA 11,1
CL_1057,SEQ_715,PI NU,1,2,KH 86,1
CL_1058,SEQ_716,PI O,1,2,PH 19,1
CL_1059,SEQ_717,PI SA,1,2,HT 123 124,1
CL_1060,SEQ_718,PI SA[,1,2,KH 6,1
CL_1061,SEQ_719,PI TE,1,2,HT 116,1
CL_1062,SEQ_720,PU DE,1,2,KH 88,1
CL_062,SEQ_721,QA KI,1,2,HT8,1
CL_1063,SEQ_722,QA SA,1,2,HT 111,1
CL_1064,SEQ_723,QA TU,1,2,HT12,1
CL_1065,SEQ_724,QE KA,1,2,HT 85,1
CL_063,SEQ_725,QE PU,1,2,HT 9,1
CL_1066,SEQ_726,QE TI,1,2,HT 7,1
CL_1067,SEQ_727,R E[,1,2,KH 8,1
CL_1068,SEQ_728,RA TA2[,1,2,KH 29,1
CL_009,SEQ_729,RE TA2,1,2,HT 125,1
CL_1069,SEQ_730,RE TI,1,2,MA 2,1
CL_1070,SEQ_731,RE TU,1,2,HT 42 59,1
CL_1071,SEQ_732,RO E,1,2,PH 24,1
CL_1072,SEQ_733,RO KE,1,2,HT 98,1
CL_1073,SEQ_734,RO NI,1,2,HT 26,1
CL_1074,SEQ_735,RO RO,1,2,KH 18,1
CL_1075,SEQ_736,RO VINA,1,2,PS ZA 2,1
CL_1076,SEQ_737,RU MA[,1,2,HT 64,1
CL_122,SEQ_738,RU MI,1,2,ARKH 2,1
CL_1077,SEQ_739,RU RA2,1,2,HT 11,1
CL_1078,SEQ_740,RU SA,1,2,HT 96,1
CL_1079,SEQ_741,SA B,1,2,MA 4,1
CL_1080,SEQ_742,SA DI,1,2,HT 111,1
CL_1081,SEQ_743,SA L,1,2,MA 4,1
CL_1082,SEQ_744,SA MI,1,2,HT 29,1
CL_1083,SEQ_745,SA PO,1,2,HT 16,1
CL_1084,SEQ_746,SA PU,1,2,KN 32,1
CL_1085,SEQ_747,SA TA,1,2,HT 117,1
CL_1086,SEQ_748,SE I[,1,2,KH 97,1
CL_1087,SEQ_749,SE SI[,1,2,GO 2,1
CL_065,SEQ_750,SI ME,1,2,HT 23,1
CL_1088,SEQ_751,SI NI,1,2,HT 140,1
CL_024,SEQ_752,SI RA,1,2,HT 49,1
CL_1089,SEQ_753,SI RU,1,2,HT 55,1
CL_002,SEQ_754,SI SE,1,2,HT 116,1
CL_1090,SEQ_755,SI TA2,1,2,KH 9,1
CL_066,SEQ_756,SI TU,1,2,ZA 20,1
CL_1091,SEQ_757,SU DU[,1,2,HT 42 59,1
CL_131,SEQ_758,SU MI,1,2,KN 28,1
CL_067,SEQ_759,SU PU2,1,2,HT 8,1
CL_1092,SEQ_760,SU PU2[,1,2,HT 63,1
CL_1093,SEQ_761,SU RE,1,2,HT 32,1
CL_1094,SEQ_762,SUP ?,1,2,HT8,1
CL_1095,SEQ_763,SUS SI[,1,2,PH 31,1
CL_1096,SEQ_764,TA *180B,1,2,MA 4,1
CL_1097,SEQ_765,TA KE,1,2,ZA 21,1
CL_1098,SEQ_766,TA PA,1,2,HT 104,1
CL_002,SEQ_767,TA RA,1,2,HT 89,1
CL_1099,SEQ_768,TE KE,1,2,HT 85,1
CL_1100,SEQ_769,TE RO,1,2,HT 104,1
CL_1101,SEQ_770,TE TE,1,2,HT 26,1
CL_1102,SEQ_771,TE TU[,1,2,HT 85,1
CL_1103,SEQ_772,TE VIN,1,2,HT 17,1
CL_1104,SEQ_773,TELA KU,1,2,HT 38,1
CL_1105,SEQ_774,TI NI[,1,2,HT 51,1
CL_1106,SEQ_775,TO ME,1,2,PE 2,1
CL_1107,SEQ_776,TO RE,1,2,PE 2,1
CL_1108,SEQ_777,TU JA,1,2,HT 115,1
CL_153,SEQ_778,TU MA,1,2,HT 94,1
CL_067,SEQ_779,TU SU,1,2,PK 1,1
CL_1109,SEQ_780,U JU,1,2,ZA 7,1
CL_1110,SEQ_781,U SU,1,2,HT 117,1
CL_1111,SEQ_782,U TA2,1,2,HT 103,1
CL_1112,SEQ_783,U TI,1,2,HT 10,1
CL_1113,SEQ_784,VAS A,1,2,KH 83,1
CL_1114,SEQ_785,VAS VINA,1,2,PH 9,1
CL_1115,SEQ_786,VINA J,1,2,PH 31,1
CL_1116,SEQ_787,VINA KA,1,2,ZA 6,1
CL_068,SEQ_788,VINA SA,1,2,HT 131,1
CL_1117,SEQ_789,VINA SU,1,2,ZA 5,1
CL_1118,SEQ_790,VINA TE,1,2,HT 13,1
CL_1119,SEQ_791,VINB WI,1,2,KH 5,1
CL_1120,SEQ_792,VIR *313C,1,2,HT 127,1
CL_1121,SEQ_793,VIR JA,1,2,KH WC 2100,1
CL_1122,SEQ_794,WA NA,1,2,ZA 6,1
CL_127,SEQ_795,WI DU,1,2,HT 5,1
CL_1123,SEQ_796,WI ZE,1,2,KH 43,1
CL_1124,SEQ_797,ZU SU,1,2,HT 1,1
CL_1125,SEQ_798,ZU VIR,1,2,HT 66,1
CL_1126,SEQ_799,[?] A314,1,2,PH 26,1
CL_1127,SEQ_800,[?] A357,1,2,PH 15B,1
CL_001,SEQ_801,[?] AB08,1,2,KH 33,1
CL_1128,SEQ_802,[?] AB13,1,2,ZA 21A,1
CL_1129,SEQ_803,[?] AB17,1,2,KH 22,1
CL_1130,SEQ_804,[?] AB26,1,2,KH 49,1
CL_1131,SEQ_805,[?] AB45,1,2,HT 98A,1
CL_001,SEQ_806,[?] AB53,1,2,ARKH 6,1
CL_001,SEQ_807,[?] AB58,1,2,KH 24,1
CL_004,SEQ_808,[?] AB65,1,2,KN ZB 4,1
CL_130,SEQ_809,[?] AB77,1,2,HT 93A,1
CL_1132,SEQ_810,[?] AB78,1,2,HT 37,1
CL_1133,SEQ_811,[[DI DE]],1,2,HT 86,1
CL_1134,SEQ_812,[[SA RU,1,2,HT 86,1
CL_1135,SEQ_813,]*401VAS RU,1,2,KH 63,1
CL_1136,SEQ_814,]*417VAS L2,1,2,PH 8,1
CL_1137,SEQ_815,]A SI,1,2,KH 99,1
CL_1138,SEQ_816,]DA I[,1,2,KH 13,1
CL_1139,SEQ_817,]DA RA,1,2,PH 7,1
CL_1140,SEQ_818,]DE MI,1,2,ARKH 4,1
CL_1141,SEQ_819,]DI KI,1,2,ZA 27,1
CL_1142,SEQ_820,]DU RA,1,2,MA 2,1
CL_1143,SEQ_821,]GRA PA,1,2,KH 27,1
CL_1144,SEQ_822,]I DE[,1,2,ZA 11,1
CL_1145,SEQ_823,]I MA[,1,2,ZA 6,1
CL_1146,SEQ_824,]I SI,1,2,KH 9,1
CL_1147,SEQ_825,]JU RA[,1,2,HT 80,1
CL_1148,SEQ_826,]KA RA2[,1,2,HT 139,1
CL_1149,SEQ_827,]KI NU,1,2,ARKH 3,1
CL_1150,SEQ_828,]KU KA,1,2,KH 99,1
CL_1151,SEQ_829,]KU NI[,1,2,HT 79 83,1
CL_1152,SEQ_830,]MA DI,1,2,HT 69,1
CL_1153,SEQ_831,]MI DA,1,2,HT 27,1
CL_1154,SEQ_832,]MI NA[,1,2,KH 79 89,1
CL_1155,SEQ_833,]MI RE[,1,2,ZA 23,1
CL_1156,SEQ_834,]MI TA,1,2,HT 128,1
CL_1157,SEQ_835,]MU RU,1,2,HT 46,1
CL_1158,SEQ_836,]NA KI,1,2,KH 92,1
CL_1159,SEQ_837,]NU TI,1,2,HT 84,1
CL_1160,SEQ_838,]OLE A,1,2,HT 2,1
CL_1161,SEQ_839,]OLE DI[,1,2,HT 50,1
CL_1162,SEQ_840,]OLE E,1,2,HT 58,1
CL_1163,SEQ_841,]OLE KI[,1,2,HT 50,1
CL_1164,SEQ_842,]OLE MI,1,2,HT 125,1
CL_1165,SEQ_843,]OLE NE,1,2,TY 3,1
CL_1166,SEQ_844,]OLE U,1,2,HT 140,1
CL_1167,SEQ_845,]PA [?],1,2,ZA 21,1
CL_1168,SEQ_846,]PI MU,1,2,ZA 21,1
CL_1169,SEQ_847,]PI PU3,1,2,ARKH 3,1
CL_1170,SEQ_848,]PU2 RA2,1,2,ZA 6,1
CL_1171,SEQ_849,]QA SA,1,2,HT 70,1
CL_1172,SEQ_850,]QE KA,1,2,HT 111,1
CL_1173,SEQ_851,]QE TU,1,2,HT 41,1
CL_1174,SEQ_852,]RA TE,1,2,ZA 19,1
CL_1175,SEQ_853,]RE SU[,1,2,HT 37,1
CL_1176,SEQ_854,]RI JA,1,2,HT 55,1
CL_1177,SEQ_855,]RU DI,1,2,HT 141,1
CL_1178,SEQ_856,]RU NA,1,2,KN 2,1
CL_1179,SEQ_857,]RU NI,1,2,HT 25,1
CL_132,SEQ_858,]SA RA,1,2,HT 62 73,1
CL_1180,SEQ_859,]SA RA2,1,2,HT 125,1
CL_1181,SEQ_860,]SI DU,1,2,HT 123 124,1
CL_1182,SEQ_861,]TA MI[,1,2,HT 66,1
CL_1183,SEQ_862,]TA PI,1,2,ARKH 1,1
CL_1184,SEQ_863,]TA U,1,2,KH 52,1
CL_1185,SEQ_864,]TE TE,1,2,ZA 23,1
CL_1186,SEQ_865,]TE ZU,1,2,PH 13,1
CL_1187,SEQ_866,]TELA SE,1,2,THE TABLET 6,1
CL_025,SEQ_867,]TU PA,1,2,HT 112,1
CL_1188,SEQ_868,]TU RO,1,2,HT 47,1
CL_1189,SEQ_869,]U KI,1,2,HT 58,1
CL_1190,SEQ_870,]VIR KA,1,2,HT 100,1
CL_1191,SEQ_871,]WI JA[,1,2,PH 18,1
CL_1192,SEQ_872,]WI SA,1,2,HT 113,1
CL_1193,SEQ_873,*309A DA PU[,1,3,TY 2,1
CL_1194,SEQ_874,*309A JU KI,1,3,TY 2,1
CL_071,SEQ_875,*309A RI JU,1,3,TY 2,1
CL_1195,SEQ_876,*309B KI PU,1,3,TY 2,1
CL_1196,SEQ_877,*309B PU PI,1,3,TY 2,1
CL_1197,SEQ_878,*309C DA JU,1,3,TY 2,1
CL_1198,SEQ_879,*309C RU KA,1,3,TY 2,1
CL_1199,SEQ_880,*402VAS QA PA3,1,3,HT 31,1
CL_1200,SEQ_881,*406VAS KE VIR,1,3,HT 26,1
CL_063,SEQ_882,*415VAS SU PU,1,3,HT 31,1
CL_002,SEQ_883,A DA RO,1,3,ARKH 5,1
CL_1201,SEQ_884,A DI NE[,1,3,KH 83,1
CL_036,SEQ_885,A DU RE[,1,3,KH 4,1
CL_008,SEQ_886,A KA TA[,1,3,KN 32,1
CL_002,SEQ_887,A KI RO,1,3,ARKH 4,1
CL_034,SEQ_888,A KU TU,1,3,TY 3,1
CL_017,SEQ_889,A MA JA,1,3,KH 14,1
CL_002,SEQ_890,A MI TA,1,3,ZA 10,1
CL_034,SEQ_891,A RA JU,1,3,HT 109,1
CL_034,SEQ_892,A RA TU,1,3,ZA 7,1
CL_035,SEQ_893,A RI JA[,1,3,PH 28,1
CL_035,SEQ_894,A RI PA,1,3,PE 2,1
CL_035,SEQ_895,A RI SU,1,3,HT 118,1
CL_008,SEQ_896,A RU RA,1,3,HT 11,1
CL_078,SEQ_897,A SA RA2,1,3,HT 89,1
CL_017,SEQ_898,A SE JA,1,3,HT 115,1
CL_017,SEQ_899,A SU JA,1,3,HT 11,1
CL_002,SEQ_900,A TA NA,1,3,ZA 9,1
CL_002,SEQ_901,A TA RE,1,3,ZA 8,1
CL_008,SEQ_902,A TI RU,1,3,ZA 4,1
CL_1202,SEQ_903,A305 AB54 AB06,1,3,ZA 6A,1
CL_1203,SEQ_904,A306 AB67 AB66,1,3,HT 122B,1
CL_084,SEQ_905,A306 AB69 AB57,1,3,HT 115B,1
CL_1204,SEQ_906,A306 AB78 AB51,1,3,KH 21,1
CL_1205,SEQ_907,A309A AB65? AB67,1,3,TY 2,1
CL_1206,SEQ_908,A309A? AB53 AB65?,1,3,TY 2,1
CL_048,SEQ_909,A312 AB04 AB04,1,3,HT 26A,1
CL_1207,SEQ_910,A314 AB59 AB80,1,3,PH WC 38,1
CL_1208,SEQ_911,A317 AB78 A353,1,3,PH 9A,1
CL_1209,SEQ_912,A320 A320 AB80,1,3,PH WC 40A,1
CL_001,SEQ_913,A320 AB06 [?],1,3,PH 16A,1
CL_1210,SEQ_914,A340 AB67 AB59,1,3,HT 29,1
CL_1211,SEQ_915,A355 AB38 A354,1,3,PH 10,1
CL_1212,SEQ_916,AB01 AB02 AB03,1,3,HT 38,1
CL_039,SEQ_917,AB01 AB06 AB41,1,3,HT 126A,1
CL_039,SEQ_918,AB01 AB06 AB69,1,3,ARKH 6,1
CL_146,SEQ_919,AB01 AB10 AB49,1,3,HT 120,1
CL_1213,SEQ_920,AB01 AB26 A329,1,3,HT 7B,1
CL_001,SEQ_921,AB01 AB27 AB81,1,3,ZA 18A,1
CL_001,SEQ_922,AB01 AB59 AB27,1,3,HT 88,1
CL_001,SEQ_923,AB01 AB59 AB60,1,3,HT 6A,1
CL_1214,SEQ_924,AB01 AB65 AB04,1,3,HT 34,1
CL_1215,SEQ_925,AB01 AB73 AB55,1,3,HT 117A,1
CL_092,SEQ_926,AB01 AB81 AB06,1,3,HT 103,1
CL_015,SEQ_927,AB02 AB41 AB60,1,3,ZA 9,1
CL_001,SEQ_928,AB02 [?] AB08,1,3,HT 45B,1
CL_1216,SEQ_929,AB03 A342 AB28,1,3,HT 43,1
CL_1217,SEQ_930,AB03 AB01 AB26,1,3,TY 2,1
CL_155,SEQ_931,AB03 AB02 AB30,1,3,HT 26B,1
CL_155,SEQ_932,AB03 AB02 AB58,1,3,HT 20,1
CL_039,SEQ_933,AB03 AB06 AB69,1,3,KH 7B,1
CL_147,SEQ_934,AB03 AB28 AB67,1,3,HT 62 73,1
CL_007,SEQ_935,AB03 AB53 AB24,1,3,HT 122A,1
CL_007,SEQ_936,AB03 AB53 AB45,1,3,KH 99,1
CL_007,SEQ_937,AB03 AB55 AB78,1,3,ZA 14,1
CL_007,SEQ_938,AB03 AB59 AB78,1,3,HT 31,1
CL_077,SEQ_939,AB04 AB55 AB27,1,3,KH 6,1
CL_077,SEQ_940,AB04 AB56 AB27,1,3,HT 117A,1
CL_001,SEQ_941,AB04 AB69 [?],1,3,HT 85B,1
CL_001,SEQ_942,AB06 AB01 AB27,1,3,HT 117A,1
CL_1218,SEQ_943,AB06 AB08 AB56,1,3,KN ZB 20,1
CL_003,SEQ_944,AB06 AB21F AB24,1,3,HT 135A,1
CL_005,SEQ_945,AB07 AB03 AB57,1,3,PH 7A,1
CL_020,SEQ_946,AB07 AB06 AB02,1,3,HT 108,1
CL_1219,SEQ_947,AB07 AB57 AB28,1,3,HT 29,1
CL_1220,SEQ_948,AB07 AB77 AB69,1,3,HT 52A,1
CL_006,SEQ_949,AB08 AB01 AB02,1,3,ARKH 5,1
CL_001,SEQ_950,AB08 AB03 AB67,1,3,KN ZB 40,1
CL_001,SEQ_951,AB08 AB06 [?],1,3,HT 126A,1
CL_1221,SEQ_952,AB08 AB07 AB24,1,3,KH 83,1
CL_1222,SEQ_953,AB08 AB123 AB04,1,3,HT 96A,1
CL_1223,SEQ_954,AB08 AB13 AB123,1,3,KH 53,1
CL_079,SEQ_955,AB08 AB31 AB76,1,3,HT 89,1
CL_010,SEQ_956,AB08 AB37 AB26,1,3,ZA 4A,1
CL_010,SEQ_957,AB08 AB37 AB77,1,3,ZA WC 2,1
CL_046,SEQ_958,AB08 AB41 AB118,1,3,KH 99,1
CL_001,SEQ_959,AB08 AB51 AB27,1,3,KH 4,1
CL_001,SEQ_960,AB08 AB53 AB57,1,3,PH 28A,1
CL_001,SEQ_961,AB08 AB53 AB58,1,3,HT 118,1
CL_001,SEQ_962,AB08 AB56 [?],1,3,PH 28A,1
CL_001,SEQ_963,AB08 AB58 AB57,1,3,HT 11A,1
CL_001,SEQ_964,AB08 AB59 A350,1,3,KH 11,1
CL_001,SEQ_965,AB08 AB59 AB27,1,3,ZA 8,1
CL_001,SEQ_966,AB08 AB59 [?],1,3,KH 39,1
CL_027,SEQ_967,AB08 AB60 AB65,1,3,HT 109,1
CL_027,SEQ_968,AB08 AB60 AB69,1,3,ZA 7A,1
CL_006,SEQ_969,AB08 AB67 AB02,1,3,ARKH 4B,1
CL_040,SEQ_970,AB08 AB73 AB59,1,3,ZA 10B,1
CL_027,SEQ_971,AB08 AB79 AB60,1,3,KN ZC 7,1
CL_001,SEQ_972,AB08 AB80 AB57,1,3,KH 14,1
CL_001,SEQ_973,AB08 [?] AB57,1,3,MA 4B,1
CL_1224,SEQ_974,AB09 AB31 AB56,1,3,PH 2,1
CL_1225,SEQ_975,AB09 AB81 AB69,1,3,HT 115A,1
CL_156,SEQ_976,AB10 AB06 AB06,1,3,MA 2C,1
CL_156,SEQ_977,AB10 AB06 AB08,1,3,KN ZB 40,1
CL_1226,SEQ_978,AB10 AB07 AB73,1,3,HT 117A,1
CL_1227,SEQ_979,AB10 AB27 AB40,1,3,HT 25A,1
CL_150,SEQ_980,AB10 AB45 AB17,1,3,HT 122A,1
CL_1228,SEQ_981,AB10 AB55 AB21F,1,3,HT 26A,1
CL_1229,SEQ_982,AB10 AB59 AB02,1,3,HT 116A,1
CL_1230,SEQ_983,AB100 A352 AB57,1,3,KH WC 2100,1
CL_1231,SEQ_984,AB11 AB07 AB56,1,3,KN 22B,1
CL_1232,SEQ_985,AB13 AB67 AB07,1,3,ZA 14,1
CL_075,SEQ_986,AB16 AB118 AB31,1,3,HT 70,1
CL_1233,SEQ_987,AB16 AB27 AB05,1,3,HT 132,1
CL_076,SEQ_988,AB16 AB37 AB65,1,3,ZA 14,1
CL_076,SEQ_989,AB16 AB37 AB67,1,3,KH 7A,1
CL_1234,SEQ_990,AB16 AB76 AB54,1,3,HT 86A,1
CL_1235,SEQ_991,AB17? AB41 AB79,1,3,ARKH 4B,1
CL_1236,SEQ_992,AB21F AB57 AB51,1,3,HT 84,1
CL_003,SEQ_993,AB24 AB73 AB06,1,3,HT 135A,1
CL_1237,SEQ_994,AB26 AB28 AB70,1,3,HT 24A,1
CL_003,SEQ_995,AB26 AB79 AB06,1,3,HT 11B,1
CL_1238,SEQ_996,AB27 AB07 AB09,1,3,HT 85B,1
CL_1239,SEQ_997,AB27 AB28 AB44,1,3,PS ZA 2,1
CL_154,SEQ_998,AB27 AB58 [?],1,3,HT 37,1
CL_1240,SEQ_999,AB28 AB06 AB54,1,3,PH 6,1
